10,10,-1,10,10,-1,-1,-1,-1,0.20570150922302963,0
10,10,10,10,10,10,-1,-1,-1,0.20575901593514118,0
10,10,10,10,10,1,-1,-1,-1,0.2,0
10,10,10,10,10,10,-1,-1,-1,0.20587412587412587,0
10,10,10,10,10,1,-1,-1,-1,0.2,0
10,10,10,10,10,10,1,10,9,0.16666666666666666,0
3,10,10,9,10,10,9,10,10,0.2,0
10,10,10,3,10,10,10,10,9,0.2,0
10,10,10,3,10,10,9,3,2,0.25,0
2,2,9,10,10,10,10,10,10,0.3333333333333333,0
10,10,3,10,10,9,10,10,10,0.3333333333333333,1
10,10,-1,10,10,-1,-1,-1,-1,0.20659770757618115,1
10,10,-1,10,10,-1,-1,-1,-1,0.20662768031189083,0
10,10,10,10,10,10,-1,-1,-1,0.20668523676880224,1
10,10,-1,10,10,-1,10,10,-1,0.32786885245901637,0
9,10,10,9,10,1,9,10,10,0.2,0
10,10,-1,10,10,-1,4,1,-1,0.25,0
10,10,10,10,10,10,3,2,9,0.3333333333333333,0
-1,10,10,-1,10,10,-1,10,10,0.3076923076923077,1
-1,-1,-1,10,10,10,1,10,10,0.16666666666666666,0
-1,10,10,-1,10,2,-1,10,10,0.3333333333333333,0
-1,10,10,-1,10,10,-1,1,2,0.25,0
-1,10,10,-1,10,10,-1,1,10,0.3333333333333333,0
3,10,10,9,10,10,9,10,10,0.3333333333333333,0
9,10,10,4,10,10,9,10,10,0.3333333333333333,0
-1,-1,-1,10,10,-1,10,1,-1,0.3333333333333333,0
3,4,9,10,10,9,-1,-1,-1,0.5,0
10,10,3,10,10,9,-1,-1,-1,0.5,0
10,10,5,10,10,9,1,3,9,0.5,1
10,10,-1,10,10,-1,-1,-1,-1,0.20808254514187446,1
9,3,9,10,10,10,10,10,10,0.3333333333333333,0
10,10,3,10,10,9,9,9,9,0.3333333333333333,0
9,10,10,9,10,10,10,10,5,0.3333333333333333,0
10,10,10,10,10,10,3,3,9,0.3333333333333333,0
4,10,10,10,10,10,-1,-1,-1,0.4,0
10,4,10,10,10,1,-1,-1,-1,0.375,0
9,10,10,9,10,10,9,4,10,0.4,0
9,9,9,10,10,9,-1,-1,-1,0.4358974358974359,0
10,10,3,1,10,1,-1,-1,-1,0.4444444444444444,0
10,10,9,10,10,10,-1,-1,-1,0.45161290322580644,0
-1,-1,-1,10,10,-1,10,10,-1,0.4666666666666667,1
1,10,10,10,10,10,10,10,10,0.16666666666666666,0
1,10,10,10,10,10,10,10,10,0.14285714285714285,0
10,10,1,10,10,10,10,10,10,0.16666666666666666,0
10,1,10,10,10,10,10,10,10,0.14285714285714285,1
2,10,10,10,10,10,10,10,10,0.16666666666666666,0
9,9,2,10,10,10,10,10,10,0.2,1
10,10,-1,10,10,-1,-1,-1,-1,0.20653084007814682,0
-1,-1,-1,10,10,10,10,2,10,0.2,1
10,10,-1,10,10,-1,-1,-1,-1,0.2065126635123852,0
10,10,10,10,10,10,-1,-1,-1,0.20657015590200445,0
10,10,10,10,10,1,-1,-1,-1,0.2,0
10,10,10,10,10,10,-1,-1,-1,0.20668523676880224,1
10,10,-1,10,10,-1,-1,-1,-1,0.22088353413654618,1
10,10,-1,10,10,-1,-1,-1,-1,0.20634037819799778,1
10,10,10,10,10,10,-1,-1,-1,0.2288135593220339,0
10,10,10,10,10,10,-1,-1,-1,0.23076923076923078,0
10,10,10,10,10,10,-1,-1,-1,0.23275862068965517,0
10,10,10,10,10,10,-1,-1,-1,0.23478260869565218,0
10,10,10,10,10,10,-1,-1,-1,0.23684210526315788,0
-1,10,10,-1,10,10,-1,-1,-1,0.23893805309734514,0
10,10,10,10,10,10,10,10,10,0.2403846153846154,0
10,10,10,10,10,10,10,10,10,0.24271844660194175,0
10,10,10,10,10,1,10,10,10,0.125,0
10,10,10,10,10,10,2,1,10,0.21428571428571427,1
10,3,9,10,10,9,-1,-1,-1,0.2,0
10,10,10,10,10,10,4,10,10,0.25,0
10,10,-1,10,10,-1,-1,-1,-1,0.2857142857142857,0
10,10,-1,2,10,-1,10,10,-1,0.2857142857142857,0
10,10,10,10,10,10,3,9,10,0.25,0
10,10,-1,2,10,-1,9,10,-1,0.16666666666666666,0
9,3,9,10,10,10,1,10,10,0.29166666666666663,0
10,10,-1,10,10,-1,10,10,-1,0.32051282051282054,0
10,10,10,10,10,10,10,10,10,0.3246753246753247,0
10,10,10,10,10,2,10,10,10,0.25,0
10,10,10,10,10,10,2,2,10,0.2857142857142857,0
10,10,10,10,10,10,1,10,10,0.16666666666666666,0
10,10,10,10,10,10,10,10,1,0.2,1
10,10,-1,10,10,-1,-1,-1,-1,0.20634037819799778,0
10,10,10,10,10,10,-1,-1,-1,0.20639777468706536,0
10,10,10,10,10,1,-1,-1,-1,0.2,0
10,10,10,10,10,10,-1,-1,-1,0.2065126635123852,0
10,10,10,10,10,10,-1,-1,-1,0.20657015590200445,0
10,10,10,10,10,1,-1,-1,-1,0.2,0
10,10,10,10,10,10,-1,-1,-1,0.20668523676880224,0
10,10,10,10,10,1,-1,-1,-1,0.2,0
10,10,10,10,10,10,2,10,10,0.2,0
10,10,10,1,10,10,10,10,9,0.14285714285714285,0
10,10,10,2,10,10,10,9,10,0.16666666666666666,0
10,10,10,2,10,10,9,10,10,0.16666666666666666,0
10,10,10,10,10,10,2,10,10,0.16666666666666666,0
10,10,10,1,10,10,10,10,10,0.14285714285714285,0
10,10,10,10,10,10,10,10,1,0.16666666666666666,0
10,10,10,10,10,1,10,10,10,0.14285714285714285,0
10,10,1,10,10,10,10,10,10,0.14285714285714285,0
10,10,10,10,10,1,10,10,10,0.14285714285714285,0
10,10,10,10,10,1,10,10,10,0.14285714285714285,0
10,10,10,10,10,1,10,10,10,0.14285714285714285,0
10,10,10,10,10,1,10,10,10,0.14285714285714285,0
10,10,10,10,10,1,1,1,10,0.16666666666666666,0
10,10,10,10,10,10,10,10,1,0.16666666666666666,0
10,10,10,10,10,1,10,10,10,0.14285714285714285,0
10,10,10,10,10,10,1,10,10,0.16666666666666666,0
10,10,10,10,10,10,10,1,10,0.14285714285714285,0
10,10,10,10,10,10,1,10,10,0.14285714285714285,0
10,10,10,10,10,10,1,10,10,0.16666666666666666,0
10,10,10,10,10,1,10,10,1,0.16666666666666666,0
10,10,10,10,10,1,10,10,10,0.16666666666666666,0
10,10,10,10,10,1,10,10,10,0.14285714285714285,0
10,10,10,10,10,10,1,1,1,0.17777777777777778,0
2,10,10,10,10,10,10,10,10,0.25,0
1,10,10,10,10,10,10,10,10,0.14285714285714285,0
1,10,10,10,10,10,-1,-1,-1,0.14285714285714285,0
10,10,1,10,10,10,-1,-1,-1,0.16666666666666666,0
5,10,4,5,10,9,9,9,9,0.5,1
1,10,10,10,10,10,10,10,10,0.2,0
1,10,-1,10,10,-1,10,10,-1,0.14285714285714285,0
10,10,1,10,10,10,10,10,10,0.16666666666666666,1
10,10,-1,10,10,-1,-1,-1,-1,0.20635805911879532,0
10,10,10,10,10,10,-1,-1,-1,0.20641562064156208,0
10,10,10,10,10,10,-1,-1,-1,0.20647321428571427,1
2,10,10,10,10,10,10,10,10,0.2,0
10,10,-1,10,10,-1,-1,-1,-1,0.20617388841687906,0
10,10,10,10,10,10,-1,-1,-1,0.20623229461756373,0
10,10,10,10,10,1,-1,-1,-1,0.2,0
3,10,10,10,10,10,-1,-1,-1,0.2,0
10,10,10,2,10,10,9,10,10,0.2,0
10,10,10,10,10,10,-1,-1,-1,0.20641102456560814,0
10,10,10,10,10,10,-1,-1,-1,0.2064728798321846,0
10,10,10,10,10,1,-1,-1,-1,0.2,0
10,10,10,10,10,10,-1,-1,-1,0.20588235294117646,1
-1,10,9,-1,10,9,-1,-1,-1,0.36363636363636365,0
1,1,-1,10,10,-1,2,9,-1,0.5,0
10,10,-1,10,10,-1,-1,-1,-1,0.20634037819799778,0
10,10,9,10,10,9,-1,-1,-1,0.20590693786570075,0
10,10,10,10,10,10,-1,-1,-1,0.2059643255295429,0
10,10,10,10,10,10,-1,-1,-1,0.2060217451909674,0
10,10,10,10,10,1,-1,-1,-1,0.2,0
2,10,10,10,10,10,3,10,10,0.4,0
10,2,10,10,10,2,10,3,10,0.4444444444444444,0
10,10,10,10,10,9,10,10,10,0.45,0
3,2,10,3,10,10,3,1,3,0.48333333333333334,0
10,5,9,10,10,9,9,5,9,0.5,0
10,10,5,10,10,9,2,4,9,0.5,0
10,10,-1,10,10,-1,-1,-1,-1,0.20634037819799778,0
10,10,1,10,10,10,10,10,10,0.2,0
2,2,9,10,10,10,10,10,1,0.3055555555555555,0
10,9,9,10,10,9,10,4,9,0.3333333333333333,0
10,3,10,10,10,1,10,3,10,0.42063492063492064,0
10,3,10,10,10,10,-1,-1,-1,0.4,0
3,1,-1,10,10,-1,10,1,-1,0.4444444444444444,0
10,10,10,10,10,10,-1,-1,-1,0.46153846153846156,0
10,10,10,10,10,1,-1,-1,-1,0.2,0
10,10,10,10,10,1,-1,-1,-1,0.25,1
1,10,10,10,10,10,10,10,10,0.16666666666666666,0
10,10,1,10,10,10,10,10,10,0.2,0
10,10,-1,10,10,-1,-1,-1,-1,0.2071970761877987,0
10,10,10,10,10,10,-1,-1,-1,0.2077226606538895,0
10,10,10,10,10,1,-1,-1,-1,0.2,0
10,10,10,10,10,10,2,10,10,0.2,1
-1,10,4,-1,10,10,-1,10,10,0.3333333333333333,0
-1,1,10,-1,10,10,-1,-1,-1,0.25,0
-1,10,4,-1,10,5,-1,9,9,0.5,0
3,2,-1,10,10,-1,2,1,-1,0.5,0
3,9,9,3,10,9,2,9,9,0.5,0
10,10,-1,10,10,-1,2,1,-1,0.5,0
10,10,-1,10,10,-1,-1,-1,-1,0.20755781161872533,1
10,10,-1,10,10,-1,-1,-1,-1,0.20646419615491782,0
10,10,10,10,10,10,-1,-1,-1,0.20652173913043478,0
10,10,10,10,10,1,-1,-1,-1,0.2,0
10,10,10,10,10,10,-1,-1,-1,0.20556227327690446,0
10,10,10,10,10,1,-1,-1,-1,0.2,0
10,10,-1,10,10,-1,-1,-1,-1,0.2056935528886408,0
10,10,10,10,10,10,-1,-1,-1,0.2060555088309504,0
10,10,10,10,10,10,-1,-1,-1,0.2061132922041503,0
10,10,10,10,10,10,-1,-1,-1,0.2061711079943899,0
10,10,10,10,10,1,-1,-1,-1,0.2,0
10,10,10,10,10,10,-1,-1,-1,0.206286836935167,0
10,10,10,10,10,1,-1,-1,-1,0.2,0
10,10,10,10,10,10,-1,-1,-1,0.2064026958719461,0
10,10,10,10,10,10,9,9,9,0.20843091334894615,1
10,10,-1,10,10,-1,-1,-1,-1,0.20634037819799778,0
10,10,10,10,10,10,-1,-1,-1,0.20639777468706536,0
4,10,5,9,10,9,9,9,9,0.5,0
-1,-1,-1,10,10,9,3,3,9,0.5,0
10,10,-1,10,10,-1,-1,-1,-1,0.20632698768197089,1
2,10,10,10,10,10,10,10,10,0.2,0
10,10,-1,10,10,-1,-1,-1,-1,0.2070988559694925,0
10,10,10,10,10,10,-1,-1,-1,0.20715962441314553,0
10,10,10,10,10,10,-1,-1,-1,0.2072204285294981,0
10,10,10,10,10,10,-1,-1,-1,0.20728126834997063,0
10,10,10,10,10,10,-1,-1,-1,0.20734214390602057,0
10,10,10,10,10,10,-1,-1,-1,0.20653834402688664,0
10,10,10,10,10,1,-1,-1,-1,0.2,0
9,10,10,3,10,1,-1,-1,-1,0.41666666666666663,0
9,2,-1,10,10,-1,10,1,-1,0.41666666666666663,0
3,10,5,3,10,5,9,9,9,0.5,1
10,10,-1,10,10,-1,-1,-1,-1,0.2065126635123852,0
10,10,9,10,10,9,-1,-1,-1,0.20632698768197089,0
10,10,10,10,10,10,-1,-1,-1,0.20638476617194063,0
10,10,10,10,10,1,-1,-1,-1,0.2,0
10,10,10,10,10,10,-1,-1,-1,0.20650042028579435,0
10,10,10,10,10,1,-1,-1,-1,0.2,0
2,10,10,10,10,10,10,10,10,0.16666666666666666,1
10,10,-1,10,10,-1,-1,-1,-1,0.2065126635123852,0
10,10,10,10,10,10,-1,-1,-1,0.20657015590200445,0
10,10,10,10,10,10,-1,-1,-1,0.20662768031189083,0
1,10,10,10,10,10,10,10,10,0.16666666666666666,0
10,10,10,10,10,10,2,10,10,0.2,1
10,10,10,10,10,3,10,10,9,0.25,0
10,10,10,10,10,10,3,9,10,0.25,0
2,10,10,10,10,10,10,10,10,0.25,0
10,10,2,10,10,1,-1,-1,-1,0.3333333333333333,0
10,10,-1,10,10,-1,10,10,-1,0.3269230769230769,0
10,10,10,10,10,1,10,10,10,0.2,0
10,10,10,10,10,10,1,10,10,0.16666666666666666,0
4,10,10,10,10,5,9,9,9,0.41666666666666663,0
9,9,-1,10,10,-1,10,10,-1,0.45454545454545453,0
10,3,-1,10,10,-1,9,2,-1,0.41666666666666663,0
10,10,9,10,10,9,2,3,9,0.5,1
10,10,10,10,10,10,1,10,10,0.16666666666666666,0
10,10,10,10,10,10,10,10,1,0.2,0
10,10,10,10,10,1,9,10,10,0.14285714285714285,0
10,10,10,10,10,2,10,9,10,0.16666666666666666,0
10,10,10,10,10,5,10,9,9,0.3333333333333333,0
2,9,-1,2,10,-1,1,10,-1,0.3333333333333333,1
10,10,-1,10,10,-1,-1,-1,-1,0.2065126635123852,1
10,10,-1,10,10,-1,-1,-1,-1,0.20612813370473537,1
10,10,3,10,10,10,10,10,10,0.2,0
10,10,3,10,10,10,10,10,10,0.2,0
10,10,10,10,10,10,-1,-1,-1,0.20809248554913296,0
10,10,10,10,10,1,-1,-1,-1,0.2,1
10,10,-1,10,10,-1,-1,-1,-1,0.20588235294117646,0
10,10,10,10,10,10,-1,-1,-1,0.20597014925373133,0
10,10,10,10,10,1,-1,-1,-1,0.2,0
10,10,10,10,10,10,10,10,3,0.3333333333333333,0
10,10,3,10,10,2,10,10,9,0.3333333333333333,1
-1,10,1,-1,10,10,-1,-1,-1,0.2,0
10,10,2,10,10,10,10,10,10,0.2,1
10,10,-1,10,10,-1,-1,-1,-1,0.20658598367576697,1
10,10,-1,10,10,-1,-1,-1,-1,0.2063005296905492,0
10,10,1,10,10,10,10,10,10,0.16666666666666666,0
10,10,3,10,10,10,10,10,10,0.4,1
10,10,-1,10,10,-1,-1,-1,-1,0.20579225842383736,0
10,10,-1,10,10,-1,10,10,-1,0.47058823529411764,1
1,10,10,10,10,10,10,10,10,0.16666666666666666,0
1,10,10,10,10,10,10,10,10,0.14285714285714285,1
3,10,-1,9,10,-1,9,9,-1,0.3333333333333333,0
3,10,10,10,10,10,-1,-1,-1,0.4,0
2,10,-1,10,10,-1,10,10,-1,0.4,0
10,10,10,10,10,10,-1,-1,-1,0.43478260869565216,0
10,10,10,10,10,2,-1,-1,-1,0.4,0
10,10,-1,10,10,-1,10,10,-1,0.45454545454545453,0
10,10,-1,10,10,-1,10,2,-1,0.4,1
-1,10,9,-1,10,10,-1,10,10,0.35294117647058826,0
-1,10,10,-1,10,9,-1,2,10,0.25,0
10,10,2,10,10,2,9,5,9,0.5,1
10,10,-1,10,10,-1,-1,-1,-1,0.20762118240403474,0
10,10,10,10,10,10,-1,-1,-1,0.20767937219730942,0
10,10,10,10,10,10,-1,-1,-1,0.2077593477649705,0
10,10,10,10,10,1,-1,-1,-1,0.2,0
10,10,10,10,10,10,-1,-1,-1,0.2078762306610408,0
10,10,10,10,10,1,-1,-1,-1,0.2,0
4,10,-1,9,10,-1,9,9,-1,0.3333333333333333,0
10,10,9,10,10,3,2,3,9,0.5,1
10,10,-1,10,10,-1,-1,-1,-1,0.31746031746031744,0
10,10,10,10,10,10,-1,-1,-1,0.3225806451612903,0
10,10,10,10,10,10,-1,-1,-1,0.32786885245901637,0
10,10,10,10,10,10,-1,-1,-1,0.3333333333333333,0
9,2,2,10,10,10,-1,-1,-1,0.3333333333333333,0
2,2,9,10,10,10,-1,-1,-1,0.3333333333333333,1
10,10,-1,10,10,-1,-1,-1,-1,0.20682844243792325,0
10,10,10,1,10,10,10,10,9,0.16666666666666666,0
10,10,10,2,10,10,10,9,10,0.16666666666666666,0
10,10,10,2,10,10,9,10,10,0.16666666666666666,1
10,10,-1,10,10,-1,-1,-1,-1,0.20670391061452514,1
10,10,-1,10,10,-1,-1,-1,-1,0.2073170731707317,1
10,10,1,10,10,10,10,10,10,0.16666666666666666,0
10,10,10,10,10,10,10,10,1,0.2,0
2,10,10,10,10,10,10,10,10,0.2,0
10,10,1,10,10,10,10,10,10,0.16666666666666666,0
1,10,10,10,10,10,10,10,10,0.16666666666666666,0
10,10,10,10,10,10,10,10,1,0.16666666666666666,0
10,10,10,10,10,10,10,10,1,0.2,0
10,10,1,10,10,10,10,10,10,0.2,0
10,10,-1,10,10,-1,-1,-1,-1,0.22157772621809746,0
10,10,10,10,10,10,9,10,10,0.26,0
10,10,10,10,10,10,10,10,10,0.26174496644295303,0
10,10,10,10,10,10,10,2,10,0.25,0
10,10,10,10,10,10,10,10,10,0.2653061224489796,0
-1,10,10,-1,10,1,-1,10,10,0.125,0
10,10,10,2,10,10,2,10,10,0.25,1
3,10,10,10,10,10,-1,-1,-1,0.3333333333333333,0
10,10,10,10,10,10,9,4,9,0.3333333333333333,0
3,10,3,10,10,10,-1,-1,-1,0.4,0
10,10,10,10,10,4,3,10,10,0.4,0
10,10,-1,9,10,-1,9,9,-1,0.48,1
10,10,-1,10,10,-1,-1,-1,-1,0.20634037819799778,1
2,10,10,10,10,10,10,10,10,0.16666666666666666,0
1,10,10,10,10,10,10,10,10,0.14285714285714285,0
1,10,10,10,10,10,10,10,10,0.16666666666666666,0
1,10,10,10,10,10,10,10,10,0.14285714285714285,0
10,10,1,10,10,10,10,10,10,0.16666666666666666,0
10,1,10,10,10,10,10,10,10,0.14285714285714285,0
1,10,10,10,10,10,10,10,10,0.14285714285714285,0
1,10,10,10,10,10,10,10,10,0.14285714285714285,0
1,10,10,10,10,10,10,10,10,0.14285714285714285,0
10,10,1,10,10,10,10,10,10,0.16666666666666666,0
10,1,10,10,10,10,10,10,10,0.14285714285714285,0
1,10,10,10,10,10,10,10,10,0.14285714285714285,0
10,10,1,10,10,10,10,10,10,0.16666666666666666,0
10,10,1,10,10,10,10,10,1,0.16666666666666666,0
10,10,1,10,10,1,10,10,10,0.16666666666666666,0
10,10,1,10,10,10,10,10,10,0.16666666666666666,0
10,10,10,10,10,10,1,10,10,0.2,0
10,10,10,10,10,10,10,10,1,0.2,0
10,10,10,10,10,1,10,10,10,0.14285714285714285,0
10,10,10,10,10,10,1,10,10,0.2,0
10,10,10,1,10,10,10,10,10,0.14285714285714285,0
1,10,10,10,10,10,10,10,10,0.14285714285714285,0
10,10,10,10,10,10,1,10,10,0.16666666666666666,0
10,3,9,10,10,10,10,10,10,0.2,0
10,10,10,10,10,10,10,10,1,0.2,0
3,10,-1,10,10,-1,10,10,-1,0.25,0
10,1,-1,10,10,-1,10,10,-1,0.25,0
10,10,1,10,10,1,10,10,1,0.27777777777777773,0
10,10,1,10,10,10,10,10,10,0.2,0
10,10,-1,2,10,-1,3,10,-1,0.29166666666666663,0
10,10,10,10,10,10,-1,-1,-1,0.30991735537190085,0
10,10,10,10,10,1,-1,-1,-1,0.2,0
10,10,10,10,10,1,-1,-1,-1,0.25,1
-1,10,1,-1,10,10,-1,10,10,0.16666666666666666,0
2,10,10,10,10,10,10,10,10,0.16666666666666666,0
1,10,10,10,10,10,10,10,10,0.14285714285714285,1
10,10,-1,10,10,-1,-1,-1,-1,0.20662768031189083,0
10,10,10,10,10,10,-1,-1,-1,0.20685809868971286,0
10,10,10,10,10,1,-1,-1,-1,0.2,0
10,10,10,10,10,10,-1,-1,-1,0.20697350069735007,0
10,10,10,10,10,1,-1,-1,-1,0.2,0
10,10,1,10,10,10,10,10,10,0.16666666666666666,0
3,10,10,10,10,10,10,10,10,0.2,0
10,10,10,10,10,10,10,10,1,0.2,0
10,10,10,10,10,10,3,10,10,0.25,1
10,10,-1,10,10,-1,-1,-1,-1,0.26548672566371684,1
3,10,10,10,10,10,10,10,10,0.2,0
1,10,10,10,10,10,10,10,10,0.14285714285714285,0
10,10,3,10,10,10,10,10,10,0.2,0
10,10,10,10,10,3,10,2,10,0.26785714285714285,0
1,10,10,2,10,10,9,10,10,0.29166666666666663,0
2,10,9,10,10,3,10,10,9,0.3333333333333333,0
2,10,10,10,10,10,10,2,3,0.3333333333333333,1
10,10,-1,10,10,-1,-1,-1,-1,0.20623434455886447,1
10,10,-1,10,10,-1,-1,-1,-1,0.205677706651823,1
10,10,-1,10,10,-1,10,10,-1,0.32432432432432434,0
10,10,-1,10,10,-1,10,1,-1,0.2,0
9,10,10,4,10,10,9,10,10,0.3333333333333333,0
-1,-1,-1,10,10,-1,2,9,-1,0.3333333333333333,1
10,3,10,10,10,10,10,10,2,0.4,0
3,10,4,1,10,1,-1,-1,-1,0.5,0
10,10,2,10,10,2,2,3,9,0.5,1
10,10,-1,10,10,-1,-1,-1,-1,0.20634037819799778,1
10,10,-1,10,10,-1,-1,-1,-1,0.20653084007814682,0
10,10,10,10,10,10,-1,-1,-1,0.20736161843214387,0
10,10,10,10,10,10,-1,-1,-1,0.20741989881956155,0
3,1,-1,10,10,-1,3,1,-1,0.5,0
4,10,9,5,10,9,9,9,9,0.5,0
10,10,1,10,10,3,9,3,9,0.5,0
10,10,-1,10,10,-1,-1,-1,-1,0.20595602560534373,0
10,10,10,10,10,10,-1,-1,-1,0.20601336302895323,1
10,10,10,10,10,10,10,10,10,0.25,0
-1,10,10,-1,10,1,-1,10,10,0.125,0
10,10,-1,10,10,-1,-1,-1,-1,0.20591549295774647,0
10,10,10,10,10,10,-1,-1,-1,0.20655552415936707,1
10,10,-1,10,10,-1,-1,-1,-1,0.20691578360290017,0
3,1,-1,10,10,-1,4,1,-1,0.5,1
10,10,-1,10,10,-1,-1,-1,-1,0.375,0
2,10,10,1,10,1,-1,-1,-1,0.4444444444444444,0
10,10,3,10,10,3,2,2,9,0.5,0
2,10,10,10,10,10,10,10,10,0.16666666666666666,0
1,10,10,10,10,10,10,10,10,0.14285714285714285,0
10,10,1,10,10,10,10,10,10,0.16666666666666666,0
10,10,10,10,10,10,1,10,10,0.2,1
10,10,-1,10,10,-1,-1,-1,-1,0.2061132922041503,0
10,10,10,10,10,10,-1,-1,-1,0.20651868502388313,0
10,10,10,10,10,10,-1,-1,-1,0.20657672849915684,0
10,10,10,10,10,10,-1,-1,-1,0.20663480461062694,0
10,10,10,10,10,10,-1,-1,-1,0.20669291338582677,0
10,10,10,10,10,10,2,10,10,0.2,1
2,10,10,10,10,10,10,10,10,0.16666666666666666,0
1,10,10,10,10,10,10,10,10,0.14285714285714285,0
10,10,-1,10,10,-1,-1,-1,-1,0.2454212454212454,0
10,10,10,10,10,10,-1,-1,-1,0.24031007751937986,0
10,10,10,10,10,1,-1,-1,-1,0.2,0
10,10,4,10,10,9,2,9,9,0.3333333333333333,0
1,3,9,10,10,9,9,4,9,0.5,1
1,10,10,10,10,10,10,10,10,0.2,0
1,10,10,10,10,10,10,10,10,0.14285714285714285,0
1,10,10,10,10,10,10,10,10,0.14285714285714285,0
10,10,1,10,10,10,10,10,10,0.16666666666666666,0
10,1,10,10,10,10,10,10,10,0.14285714285714285,0
1,10,10,10,10,10,10,10,10,0.14285714285714285,1
10,10,1,10,10,10,10,10,10,0.16666666666666666,0
10,10,-1,10,10,-1,-1,-1,-1,0.2071923457604751,1
10,10,-1,10,10,-1,-1,-1,-1,0.20634037819799778,0
3,10,10,10,10,10,10,10,10,0.2,0
10,9,10,10,10,10,-1,-1,-1,0.25,0
10,10,9,10,10,2,-1,-1,-1,0.25,0
10,10,10,10,10,10,-1,-1,-1,0.25833333333333336,0
10,10,10,10,10,1,-1,-1,-1,0.2,0
9,3,10,10,10,2,10,10,10,0.26785714285714285,0
10,10,10,10,10,10,-1,-1,-1,0.2743362831858407,0
10,10,10,10,10,10,10,10,10,0.2767857142857143,0
-1,10,10,-1,10,1,-1,10,10,0.125,0
10,10,-1,10,10,-1,2,1,-1,0.5,1
10,10,10,1,10,10,10,10,9,0.16666666666666666,0
10,10,10,2,10,10,10,9,10,0.16666666666666666,0
10,10,10,2,10,10,9,10,10,0.16666666666666666,0
10,10,10,10,10,10,1,10,10,0.2,0
1,10,10,10,10,10,10,10,10,0.14285714285714285,0
1,10,10,10,10,10,10,10,10,0.14285714285714285,0
10,10,10,10,10,10,1,10,10,0.16666666666666666,0
10,10,10,1,10,10,10,10,10,0.14285714285714285,0
1,10,10,10,10,10,10,10,10,0.14285714285714285,0
1,10,10,10,10,10,10,10,10,0.14285714285714285,0
1,10,10,10,10,10,10,10,10,0.14285714285714285,0
10,10,1,10,10,10,10,10,10,0.16666666666666666,0
10,10,10,10,10,10,1,10,10,0.16666666666666666,0
10,10,10,3,10,10,2,10,10,0.29166666666666663,0
10,10,10,5,10,10,9,9,9,0.3333333333333333,1
10,10,-1,10,10,-1,-1,-1,-1,0.20798319327731093,1
10,10,-1,10,10,-1,-1,-1,-1,0.20342612419700215,0
10,10,10,10,10,10,-1,-1,-1,0.20614035087719298,0
10,10,10,10,10,10,-1,-1,-1,0.20659340659340658,0
10,10,10,10,10,10,-1,-1,-1,0.20704845814977973,0
10,10,10,10,10,1,-1,-1,-1,0.2,0
10,10,-1,10,10,-1,-1,-1,-1,0.20638297872340425,0
10,10,10,10,10,10,-1,-1,-1,0.2068230277185501,0
10,10,10,10,10,10,-1,-1,-1,0.20726495726495728,0
10,10,10,10,10,1,-1,-1,-1,0.2,1
-1,10,4,-1,10,9,-1,-1,-1,0.3333333333333333,0
10,10,-1,10,10,-1,-1,-1,-1,0.21774193548387097,0
10,10,-1,10,10,-1,9,2,-1,0.5,1
10,10,-1,10,10,-1,-1,-1,-1,0.20798319327731093,1
10,10,-1,10,10,-1,-1,-1,-1,0.20798319327731093,0
10,10,10,10,10,10,-1,-1,-1,0.20842105263157895,0
10,10,10,10,10,1,-1,-1,-1,0.2,0
10,10,-1,2,10,-1,10,10,-1,0.16666666666666666,0
2,10,10,1,10,1,-1,-1,-1,0.4444444444444444,0
10,10,-1,10,10,-1,-1,-1,-1,0.20562770562770563,0
-1,10,10,-1,10,10,-1,-1,-1,0.3333333333333333,0
-1,10,10,-1,10,10,-1,1,10,0.3333333333333333,0
2,10,9,1,10,3,-1,-1,-1,0.5,1
10,10,-1,10,10,-1,-1,-1,-1,0.20798319327731093,0
10,10,1,10,10,10,-1,-1,-1,0.2,0
10,10,10,10,10,10,10,10,1,0.2,0
10,10,9,10,10,9,-1,-1,-1,0.30434782608695654,0
-1,10,10,-1,10,10,-1,-1,-1,0.3181818181818182,0
10,10,1,10,10,2,10,10,9,0.3333333333333333,0
-1,9,9,-1,10,10,-1,10,10,0.3684210526315789,0
-1,3,10,-1,10,10,-1,10,2,0.3666666666666667,0
-1,10,3,-1,10,10,-1,10,10,0.4,1
10,10,-1,10,10,-1,-1,-1,-1,0.21019108280254778,0
10,10,10,10,10,10,-1,-1,-1,0.21063829787234042,0
10,10,10,10,10,1,-1,-1,-1,0.2,0
10,10,10,10,10,10,-1,-1,-1,0.21153846153846154,0
10,10,10,10,10,1,-1,-1,-1,0.2,0
10,10,10,10,10,10,-1,-1,-1,0.21244635193133046,0
10,10,10,10,10,10,-1,-1,-1,0.2129032258064516,0
10,10,10,10,10,1,-1,-1,-1,0.2,0
9,10,-1,9,10,-1,9,9,-1,0.24175824175824176,0
10,10,-1,10,10,-1,-1,-1,-1,0.23267326732673269,0
10,10,10,10,10,10,-1,-1,-1,0.23383084577114427,0
10,10,10,10,10,10,-1,-1,-1,0.235,0
10,10,10,10,10,1,-1,-1,-1,0.2,0
10,10,10,10,10,10,-1,-1,-1,0.24479166666666666,0
10,10,10,10,10,1,-1,-1,-1,0.2,0
10,10,10,10,10,10,-1,-1,-1,0.24736842105263157,0
10,10,10,10,10,10,-1,-1,-1,0.24867724867724866,1
10,10,-1,10,10,-1,-1,-1,-1,0.35,1
-1,-1,-1,10,10,10,4,10,10,0.3333333333333333,0
-1,-1,-1,1,10,10,10,10,3,0.325,0
-1,-1,-1,1,10,10,10,3,10,0.41666666666666663,0
9,10,-1,9,10,-1,9,9,-1,0.3333333333333333,1
10,10,1,10,10,10,10,10,10,0.16666666666666666,0
10,10,-1,10,10,-1,-1,-1,-1,0.2,0
10,10,-1,10,10,-1,10,10,-1,0.3333333333333333,0
9,10,10,9,10,2,3,10,10,0.45,0
4,1,-1,10,10,-1,4,2,-1,0.5,1
10,10,-1,10,10,-1,-1,-1,-1,0.2053872053872054,0
2,10,10,10,10,10,10,10,10,0.2,0
10,10,-1,10,10,-1,-1,-1,-1,0.21585903083700442,0
10,10,10,10,10,10,-1,-1,-1,0.2163355408388521,0
10,10,10,10,10,10,-1,-1,-1,0.22884012539184953,0
10,10,10,10,10,10,9,9,9,0.24336283185840707,0
10,10,-1,10,10,-1,10,10,-1,0.24444444444444444,1
1,10,10,10,10,10,10,10,10,0.16666666666666666,0
1,10,10,10,10,10,10,10,10,0.14285714285714285,0
10,10,1,10,10,10,10,10,10,0.16666666666666666,0
10,10,-1,10,10,-1,-1,-1,-1,0.22,0
10,10,10,10,10,10,1,10,10,0.16666666666666666,1
10,10,-1,10,10,-1,-1,-1,-1,0.20718816067653276,0
10,10,10,10,10,3,10,10,9,0.3333333333333333,0
-1,10,10,-1,10,10,-1,10,10,0.4,1
-1,-1,-1,10,10,-1,10,10,-1,0.25,0
10,1,-1,10,10,-1,9,3,-1,0.41666666666666663,0
10,10,-1,10,10,-1,-1,-1,-1,0.20798319327731093,0
10,10,10,10,10,10,-1,-1,-1,0.20842105263157895,1
10,10,-1,10,10,-1,-1,-1,-1,0.20770877944325483,0
10,10,10,10,10,10,-1,-1,-1,0.20815450643776823,0
5,2,-1,10,10,-1,3,1,-1,0.5,1
10,10,-1,10,10,-1,-1,-1,-1,0.19844357976653695,0
10,10,10,10,10,10,10,10,1,0.2,0
10,10,1,10,10,10,10,10,10,0.14285714285714285,0
10,10,10,10,10,10,1,10,10,0.16666666666666666,0
10,10,10,1,10,10,10,10,10,0.14285714285714285,0
10,10,10,10,10,10,10,10,1,0.16666666666666666,0
10,10,10,10,10,10,-1,-1,-1,0.21524663677130046,0
10,10,10,10,10,1,-1,-1,-1,0.2,0
-1,10,10,-1,10,10,-1,10,10,0.391304347826087,0
-1,10,10,-1,10,10,-1,10,10,0.4090909090909091,1
3,10,10,10,10,10,10,10,10,0.25,0
10,10,-1,10,10,-1,-1,-1,-1,0.2641509433962264,1
10,10,-1,10,10,-1,-1,-1,-1,0.2112676056338028,0
10,10,2,10,10,10,10,10,10,0.16666666666666666,0
10,10,10,10,10,10,2,9,9,0.2,0
10,10,10,10,10,10,-1,-1,-1,0.21103117505995203,0
10,10,10,10,10,1,-1,-1,-1,0.2,0
10,10,10,10,10,10,-1,-1,-1,0.21204819277108433,0
10,10,10,10,10,1,-1,-1,-1,0.2,0
10,10,10,10,10,10,10,10,10,0.21994134897360704,1
10,10,-1,10,10,-1,-1,-1,-1,0.20798319327731093,0
10,10,10,10,10,10,-1,-1,-1,0.20842105263157895,0
10,10,10,10,10,1,-1,-1,-1,0.2,0
10,10,10,10,10,10,-1,-1,-1,0.20930232558139536,0
10,10,10,10,10,1,-1,-1,-1,0.2,1
-1,-1,-1,10,10,10,1,10,10,0.16666666666666666,0
-1,-1,-1,10,10,10,10,10,1,0.2,0
10,10,-1,10,10,-1,-1,-1,-1,0.21396396396396397,0
10,10,-1,10,10,-1,2,1,-1,0.5,1
3,9,9,10,10,10,10,10,10,0.2,0
10,10,-1,10,10,-1,-1,-1,-1,0.25,1
10,10,-1,10,10,-1,-1,-1,-1,0.20930232558139536,0
10,10,10,10,10,10,-1,-1,-1,0.2097457627118644,0
10,10,10,10,10,10,-1,-1,-1,0.21019108280254778,0
10,10,10,10,10,10,-1,-1,-1,0.21063829787234042,0
10,10,10,10,10,1,-1,-1,-1,0.2,0
10,10,10,3,10,10,9,9,9,0.2,0
-1,10,10,-1,10,10,-1,10,10,0.3235294117647059,0
10,10,10,10,10,10,10,10,10,0.3283582089552239,1
10,10,-1,10,10,-1,-1,-1,-1,0.22295081967213115,0
10,10,10,10,10,10,-1,-1,-1,0.2236842105263158,0
10,10,10,10,10,10,-1,-1,-1,0.22442244224422442,0
10,10,10,10,10,10,-1,-1,-1,0.2251655629139073,0
10,10,10,10,10,1,-1,-1,-1,0.2,0
-1,1,10,-1,10,10,-1,-1,-1,0.3333333333333333,0
10,10,9,10,10,3,10,10,9,0.3333333333333333,0
10,10,4,10,10,9,10,10,9,0.3333333333333333,1
10,10,-1,10,10,-1,10,10,-1,0.25,1
9,9,9,10,10,10,-1,-1,-1,0.39473684210526316,1
10,10,-1,10,10,-1,-1,-1,-1,0.25,0
10,10,10,10,10,10,-1,-1,-1,0.2545454545454545,0
10,10,10,10,10,1,-1,-1,-1,0.2,0
10,10,10,10,10,10,-1,-1,-1,0.2826086956521739,0
10,10,10,10,10,1,-1,-1,-1,0.2,0
1,10,-1,4,10,-1,9,9,-1,0.5,1
10,10,-1,10,10,-1,-1,-1,-1,0.21052631578947367,0
10,10,10,10,10,10,-1,-1,-1,0.21380846325167038,0
10,10,10,10,10,10,-1,-1,-1,0.21428571428571427,1
10,10,-1,10,10,-1,-1,-1,-1,0.20798319327731093,1
10,10,-1,10,10,-1,-1,-1,-1,0.2029598308668076,0
10,10,10,10,10,10,-1,-1,-1,0.19956140350877194,1
1,10,10,10,10,10,10,10,10,0.2,0
3,10,10,9,10,10,9,10,10,0.2,0
10,10,-1,10,10,-1,-1,-1,-1,0.42857142857142855,1
10,10,-1,10,10,-1,-1,-1,-1,0.20798319327731093,0
10,10,10,10,10,10,-1,-1,-1,0.21218961625282168,0
10,10,10,10,10,1,-1,-1,-1,0.2,0
10,10,2,10,10,9,10,10,9,0.2,0
10,3,9,10,10,9,-1,-1,-1,0.2,1
10,10,10,10,10,10,-1,-1,-1,0.35714285714285715,0
10,10,10,10,10,10,-1,-1,-1,0.37037037037037035,0
9,10,10,9,10,10,-1,-1,-1,0.38461538461538464,0
9,9,10,9,10,10,9,3,10,0.3333333333333333,0
10,10,-1,10,10,-1,10,10,-1,0.4090909090909091,1
10,10,-1,10,10,-1,-1,-1,-1,0.20638297872340425,0
10,10,10,10,10,10,-1,-1,-1,0.2068230277185501,0
10,10,2,10,10,10,10,10,10,0.16666666666666666,0
10,10,1,10,10,10,10,10,10,0.16666666666666666,1
10,10,-1,10,10,-1,-1,-1,-1,0.21460176991150443,0
10,10,10,10,10,10,-1,-1,-1,0.2243436754176611,0
10,10,10,10,10,10,-1,-1,-1,0.22488038277511962,0
10,10,10,10,10,1,-1,-1,-1,0.2,1
10,10,-1,10,10,-1,-1,-1,-1,0.22355769230769232,0
10,10,10,10,10,10,-1,-1,-1,0.22409638554216868,1
10,10,-1,10,10,-1,-1,-1,-1,0.21052631578947367,0
10,10,10,10,10,10,-1,-1,-1,0.21100917431192662,0
10,10,10,10,10,1,-1,-1,-1,0.2,0
10,10,10,10,10,10,-1,-1,-1,0.215962441314554,0
10,10,10,10,10,10,-1,-1,-1,0.2164705882352941,1
10,10,-1,10,10,-1,-1,-1,-1,0.20518358531317496,1
10,10,-1,10,10,-1,-1,-1,-1,0.20638297872340425,0
10,10,10,10,10,10,-1,-1,-1,0.2068230277185501,1
10,10,9,10,10,10,3,10,10,0.2,0
10,10,10,10,10,9,10,2,10,0.16666666666666666,0
10,10,10,10,10,10,10,2,9,0.16666666666666666,0
10,10,2,10,10,2,10,3,10,0.21666666666666667,0
10,10,1,10,10,1,10,10,10,0.18333333333333335,0
1,1,1,1,10,1,10,10,3,0.29722222222222217,0
10,10,10,10,10,10,10,10,1,0.25,0
-1,10,2,-1,10,10,-1,10,10,0.2857142857142857,0
10,10,-1,10,10,-1,-1,-1,-1,0.3125,0
10,10,10,10,10,1,-1,-1,-1,0.3333333333333333,1
1,10,10,10,10,10,10,10,10,0.16666666666666666,0
10,10,10,1,10,10,10,10,10,0.14285714285714285,0
10,10,-1,10,10,-1,9,9,-1,0.391304347826087,0
10,10,-1,10,10,-1,2,10,-1,0.4,0
2,10,-1,4,10,-1,9,9,-1,0.5,0
9,2,-1,10,10,-1,10,2,-1,0.41666666666666663,0
1,10,10,2,10,10,9,2,2,0.5,1
10,10,-1,10,10,-1,-1,-1,-1,0.2192513368983957,0
10,10,10,10,10,10,-1,-1,-1,0.22043010752688172,0
10,10,10,10,10,10,-1,-1,-1,0.22162162162162163,0
10,10,10,10,10,10,1,10,10,0.2,0
10,10,9,10,10,9,-1,-1,-1,0.234375,0
10,10,-1,10,10,-1,10,10,-1,0.24193548387096775,0
10,10,-1,10,10,-1,10,1,-1,0.2,0
10,10,10,10,10,10,10,10,9,0.2459016393442623,0
-1,10,10,-1,10,10,-1,10,10,0.24793388429752067,0
-1,10,10,-1,10,10,-1,9,9,0.2222222222222222,0
-1,10,10,-1,10,9,-1,10,10,0.25,0
-1,10,10,-1,10,10,-1,2,9,0.25,0
-1,2,9,-1,10,10,-1,3,10,0.3333333333333333,0
-1,1,2,-1,10,10,-1,2,10,0.4444444444444444,0
10,10,-1,10,10,-1,-1,-1,-1,0.20930232558139536,0
10,10,10,10,10,10,-1,-1,-1,0.2097457627118644,0
10,10,10,10,10,10,-1,-1,-1,0.21019108280254778,0
10,10,10,10,10,1,-1,-1,-1,0.2,0
10,10,10,10,10,10,-1,-1,-1,0.21108742004264391,0
10,10,10,10,10,1,-1,-1,-1,0.2,1
10,10,-1,10,10,-1,-1,-1,-1,0.20600858369098712,0
10,10,-1,9,10,-1,9,9,-1,0.3,1
1,10,10,10,10,10,10,10,10,0.16666666666666666,0
10,10,10,10,10,10,1,10,10,0.2,0
10,10,-1,10,10,-1,-1,-1,-1,0.210752688172043,0
10,10,2,10,10,10,10,10,10,0.16666666666666666,0
10,10,10,10,10,10,10,2,9,0.2,1
2,10,10,10,10,10,10,10,10,0.2,0
10,10,-1,10,10,-1,-1,-1,-1,0.21495327102803738,0
10,10,10,10,10,10,-1,-1,-1,0.215625,1
2,10,10,10,10,10,10,10,10,0.2,0
10,10,-1,10,10,-1,-1,-1,-1,0.21794871794871795,0
10,10,10,10,10,10,-1,-1,-1,0.2185089974293059,0
10,10,10,10,10,10,-1,-1,-1,0.2190721649484536,0
10,10,10,10,10,10,-1,-1,-1,0.21963824289405684,1
10,10,10,10,10,10,1,10,10,0.16666666666666666,0
1,10,10,10,10,10,10,10,10,0.14285714285714285,0
1,10,10,10,10,10,10,10,10,0.14285714285714285,0
10,10,10,10,10,10,1,10,10,0.16666666666666666,0
10,10,10,10,10,10,10,1,10,0.16666666666666666,0
10,10,-1,10,10,-1,-1,-1,-1,0.20930232558139536,0
10,10,9,10,10,2,-1,-1,-1,0.5,1
10,10,-1,10,10,-1,-1,-1,-1,0.20930232558139536,0
10,10,10,10,10,10,-1,-1,-1,0.2097457627118644,0
10,10,10,10,10,10,-1,-1,-1,0.21019108280254778,0
10,10,10,10,10,1,-1,-1,-1,0.2,0
10,10,10,10,10,10,-1,-1,-1,0.21108742004264391,1
-1,9,9,-1,10,9,-1,-1,-1,0.0,0
1,10,10,10,10,10,10,10,10,0.16666666666666666,0
10,10,1,10,10,10,10,10,10,0.2,0
10,10,-1,10,10,-1,-1,-1,-1,0.20919540229885059,0
10,10,3,10,10,9,-1,-1,-1,0.3333333333333333,0
10,10,10,10,10,2,-1,-1,-1,0.3333333333333333,1
10,10,-1,10,10,-1,-1,-1,-1,0.20638297872340425,0
10,10,10,10,10,10,-1,-1,-1,0.2068230277185501,0
10,10,10,10,10,1,-1,-1,-1,0.2,0
10,10,10,10,10,10,-1,-1,-1,0.20770877944325483,0
10,10,10,10,10,1,-1,-1,-1,0.2,0
10,10,10,10,10,10,-1,-1,-1,0.210412147505423,0
10,10,10,10,10,10,-1,-1,-1,0.2108695652173913,0
10,10,10,10,10,10,-1,-1,-1,0.2113289760348584,0
-1,10,10,-1,10,10,-1,-1,-1,0.21179039301310043,1
10,10,-1,10,10,-1,-1,-1,-1,0.20556745182012848,0
10,10,10,10,10,10,-1,-1,-1,0.20600858369098712,1
10,10,10,10,10,10,-1,-1,-1,0.25609756097560976,1
2,10,10,10,10,10,10,10,10,0.2,1
1,10,10,10,10,10,10,10,10,0.16666666666666666,0
-1,10,10,-1,10,10,-1,10,10,0.2777777777777778,0
10,10,10,10,10,10,1,10,10,0.2,0
-1,10,10,-1,10,2,-1,1,10,0.26785714285714285,0
10,10,-1,10,10,-1,-1,-1,-1,0.20798319327731093,0
10,10,10,10,10,10,-1,-1,-1,0.20842105263157895,1
3,10,-1,3,10,-1,9,9,-1,0.5,1
10,10,-1,10,10,-1,-1,-1,-1,0.21030042918454936,1
10,10,-1,10,10,-1,-1,-1,-1,0.21428571428571427,0
10,10,10,10,10,10,-1,-1,-1,0.21476510067114093,1
10,10,-1,10,10,-1,-1,-1,-1,0.20833333333333334,0
10,10,10,10,10,10,-1,-1,-1,0.2088167053364269,0
10,10,10,10,10,10,-1,-1,-1,0.20930232558139536,0
10,10,-1,10,10,-1,10,10,-1,0.23809523809523808,0
10,10,10,10,10,1,10,10,10,0.2,0
10,10,-1,10,10,-1,-1,-1,-1,0.21204188481675393,0
10,10,10,10,10,10,-1,-1,-1,0.2125984251968504,0
10,10,10,10,10,10,-1,-1,-1,0.2175141242937853,1
10,10,-1,10,10,-1,-1,-1,-1,0.20474137931034483,0
10,10,10,10,10,10,-1,-1,-1,0.20518358531317496,0
10,10,10,10,10,1,-1,-1,-1,0.2,1
10,10,-1,10,10,-1,-1,-1,-1,0.20798319327731093,1
-1,-1,-1,9,10,-1,9,9,-1,0.0,0
10,10,-1,10,10,-1,-1,-1,-1,0.20851063829787234,0
10,3,9,10,10,10,10,10,10,0.2,0
10,2,10,10,10,10,10,10,10,0.16666666666666666,0
1,10,10,10,10,10,10,10,10,0.14285714285714285,0
1,10,10,10,10,10,-1,-1,-1,0.14285714285714285,0
10,10,1,10,10,10,-1,-1,-1,0.16666666666666666,0
4,3,9,10,10,9,-1,-1,-1,0.5,1
10,10,-1,10,10,-1,-1,-1,-1,0.20930232558139536,0
10,10,10,10,10,10,-1,-1,-1,0.21397379912663755,0
10,10,10,10,10,10,-1,-1,-1,0.21444201312910285,0
10,10,10,10,10,1,-1,-1,-1,0.2,0
10,10,1,10,10,10,10,10,10,0.16666666666666666,0
10,10,10,1,10,10,10,10,9,0.16666666666666666,0
10,10,10,2,10,10,10,9,10,0.16666666666666666,0
10,10,10,2,10,10,9,10,10,0.16666666666666666,0
10,10,10,2,10,10,10,10,10,0.16666666666666666,0
10,10,10,10,10,10,2,10,10,0.2,0
10,10,-1,1,10,-1,10,10,-1,0.14285714285714285,0
10,10,10,10,10,10,10,1,1,0.2,0
10,10,10,10,10,10,2,2,2,0.20000000000000004,0
10,10,10,10,10,10,1,10,10,0.2,0
10,10,10,10,10,10,-1,-1,-1,0.21483375959079284,0
-1,10,10,-1,10,10,-1,-1,-1,0.2153846153846154,0
10,10,9,10,10,9,10,10,9,0.2159383033419023,0
10,10,10,10,10,4,10,10,10,0.2,0
-1,10,10,-1,10,10,-1,10,10,0.21705426356589147,0
10,10,10,10,10,10,10,10,10,0.21761658031088082,0
-1,10,10,-1,10,1,-1,10,10,0.125,0
10,10,-1,10,10,-1,9,9,-1,0.20454545454545456,0
10,10,10,10,10,10,10,10,10,0.20521172638436483,1
1,10,10,10,10,10,10,10,10,0.16666666666666666,0
-1,10,1,-1,10,10,-1,10,10,0.16666666666666666,0
1,10,-1,10,10,-1,10,10,-1,0.16666666666666666,0
10,10,-1,10,10,-1,-1,-1,-1,0.18009478672985782,0
10,10,10,10,10,10,-1,-1,-1,0.18095238095238095,1
10,10,-1,10,10,-1,-1,-1,-1,0.20798319327731093,0
10,10,10,10,10,10,-1,-1,-1,0.20842105263157895,1
2,10,10,10,10,10,10,10,10,0.2,0
10,10,-1,10,10,-1,-1,-1,-1,0.20745920745920746,0
10,10,-1,10,10,-1,-1,-1,-1,0.210989010989011,0
10,10,10,10,10,10,-1,-1,-1,0.21286031042128603,0
10,10,10,10,10,1,-1,-1,-1,0.2,0
10,10,10,10,10,10,-1,-1,-1,0.2157303370786517,1
10,10,-1,10,10,-1,-1,-1,-1,0.20212765957446807,0
10,10,10,10,10,10,-1,-1,-1,0.2025586353944563,0
10,10,10,10,10,10,-1,-1,-1,0.202991452991453,0
10,10,10,10,10,1,-1,-1,-1,0.2,0
10,10,10,10,10,10,-1,-1,-1,0.20386266094420602,0
10,10,10,10,10,10,-1,-1,-1,0.20430107526881722,1
1,10,10,10,10,10,10,10,10,0.16666666666666666,0
1,10,10,10,10,10,10,10,10,0.14285714285714285,0
10,10,1,10,10,10,10,10,10,0.16666666666666666,0
10,10,10,10,10,10,1,10,10,0.2,0
10,10,-1,10,10,-1,-1,-1,-1,0.23958333333333334,0
10,10,10,10,10,10,-1,-1,-1,0.24041811846689895,0
10,10,10,10,10,1,-1,-1,-1,0.2,0
10,10,10,10,10,10,-1,-1,-1,0.24210526315789474,0
10,10,10,10,10,1,-1,-1,-1,0.2,0
10,10,10,10,10,10,-1,-1,-1,0.24381625441696114,1
10,10,-1,10,10,-1,-1,-1,-1,0.20798319327731093,0
10,10,10,10,10,10,-1,-1,-1,0.20842105263157895,0
10,10,10,10,10,10,-1,-1,-1,0.2088607594936709,0
10,10,10,10,10,10,-1,-1,-1,0.20930232558139536,0
10,10,10,10,10,1,-1,-1,-1,0.2,0
10,10,10,10,10,10,1,10,10,0.16666666666666666,0
10,10,1,10,10,1,10,10,10,0.18333333333333335,0
10,10,10,10,10,1,10,10,10,0.16666666666666666,0
10,10,10,10,10,10,10,10,1,0.2,0
10,10,10,10,10,10,-1,-1,-1,0.2190721649484536,0
10,10,10,10,10,10,-1,-1,-1,0.21963824289405684,0
-1,10,10,-1,10,10,-1,-1,-1,0.22020725388601037,0
10,10,10,10,10,10,10,10,10,0.22077922077922077,0
10,10,10,10,10,10,10,10,10,0.22135416666666666,0
-1,10,10,-1,10,1,-1,10,10,0.125,0
10,10,10,10,10,10,10,10,10,0.23119777158774374,0
10,10,10,10,10,10,10,1,10,0.125,0
10,10,10,10,10,1,10,10,1,0.14285714285714285,0
10,10,10,10,10,1,10,10,10,0.16666666666666666,0
10,10,10,10,10,10,1,10,10,0.16666666666666666,0
10,1,10,10,10,10,2,10,10,0.20833333333333331,0
1,10,10,10,10,10,10,2,1,0.21746031746031744,0
10,10,10,10,10,2,1,1,10,0.22857142857142856,0
10,10,10,10,10,10,10,10,1,0.2,0
10,10,-1,10,10,-1,-1,-1,-1,0.20798319327731093,1
10,10,-1,10,10,-1,-1,-1,-1,0.20798319327731093,0
10,10,10,10,10,10,-1,-1,-1,0.20842105263157895,1
2,9,9,10,10,10,10,10,10,0.16666666666666666,0
10,10,-1,10,10,-1,-1,-1,-1,0.2068230277185501,1
10,10,-1,10,10,-1,-1,-1,-1,0.20798319327731093,0
10,10,10,10,10,10,-1,-1,-1,0.2068230277185501,1
10,10,-1,10,10,-1,-1,-1,-1,0.20798319327731093,0
10,10,10,10,10,10,-1,-1,-1,0.20842105263157895,0
10,10,10,10,10,1,-1,-1,-1,0.2,0
10,10,10,10,10,10,-1,-1,-1,0.20930232558139536,1
10,10,-1,10,10,-1,-1,-1,-1,0.208955223880597,0
10,10,10,10,10,10,-1,-1,-1,0.21686746987951808,0
10,10,10,10,10,1,-1,-1,-1,0.2,0
-1,10,10,-1,10,10,-1,-1,-1,0.21818181818181817,0
-1,10,10,-1,10,10,-1,10,10,0.2188449848024316,0
10,10,10,10,10,10,10,10,10,0.21951219512195122,0
10,10,10,10,10,10,10,10,10,0.22018348623853212,0
10,10,10,10,10,10,10,10,10,0.22085889570552147,0
10,10,10,10,10,10,10,10,10,0.22153846153846155,1
9,10,10,10,10,10,-1,-1,-1,0.3333333333333333,0
10,10,2,3,10,1,-1,-1,-1,0.5,0
10,10,-1,10,10,-1,-1,-1,-1,0.21030042918454936,0
10,10,10,10,10,10,-1,-1,-1,0.210752688172043,0
10,10,10,10,10,1,-1,-1,-1,0.2,0
10,10,10,10,10,2,10,10,9,0.16666666666666666,0
10,10,10,10,10,10,2,10,10,0.2,0
10,10,10,10,10,10,-1,-1,-1,0.2111111111111111,1
2,10,10,10,10,10,10,10,10,0.2,0
1,10,10,10,10,10,10,10,10,0.14285714285714285,0
10,10,1,10,10,10,10,10,10,0.16666666666666666,0
10,1,10,10,10,10,10,10,10,0.14285714285714285,0
9,10,10,10,10,10,1,10,10,0.2,0
10,10,10,2,10,10,10,10,10,0.16666666666666666,1
-1,10,1,-1,10,10,-1,10,10,0.16666666666666666,0
-1,10,10,-1,10,10,-1,10,1,0.2,0
10,10,-1,10,10,-1,-1,-1,-1,0.2109375,0
10,10,10,10,10,10,-1,-1,-1,0.22127659574468084,1
10,10,-1,10,10,-1,-1,-1,-1,0.24675324675324675,1
10,10,-1,10,10,-1,-1,-1,-1,0.20569620253164558,0
10,10,10,10,10,10,-1,-1,-1,0.20634920634920634,0
10,10,-1,10,10,-1,10,10,-1,0.2413793103448276,0
10,10,10,10,10,1,10,10,10,0.2,0
10,10,-1,10,10,-1,10,10,-1,0.25925925925925924,0
-1,9,9,-1,10,5,-1,10,10,0.3333333333333333,0
3,5,9,10,10,9,9,5,9,0.5,0
10,10,-1,10,10,-1,-1,-1,-1,0.20798319327731093,1
10,10,-1,10,10,-1,-1,-1,-1,0.20930232558139536,0
1,10,10,10,10,10,10,10,10,0.16666666666666666,0
10,10,-1,10,10,-1,-1,-1,-1,0.20930232558139536,0
10,10,10,10,10,10,-1,-1,-1,0.2097457627118644,0
10,10,10,10,10,10,-1,-1,-1,0.21019108280254778,0
10,10,10,10,10,1,-1,-1,-1,0.2,0
10,10,10,10,10,10,-1,-1,-1,0.21108742004264391,0
10,10,10,10,10,1,-1,-1,-1,0.2,0
10,10,10,10,10,10,-1,-1,-1,0.23770491803278687,0
10,10,10,10,10,10,10,10,10,0.24528301886792453,1
10,10,10,10,10,10,1,10,10,0.16666666666666666,0
10,10,-1,10,10,-1,-1,-1,-1,0.29411764705882354,0
10,10,-1,10,10,-1,-1,-1,-1,0.20875420875420875,0
1,3,9,10,10,9,2,4,9,0.5,0
2,4,9,10,10,9,1,3,9,0.5,0
10,10,2,10,10,3,3,2,9,0.5,1
1,10,10,10,10,10,10,10,10,0.2,0
10,10,-1,10,10,-1,-1,-1,-1,0.21476510067114093,0
-1,10,10,-1,10,10,-1,10,10,0.25,0
-1,10,10,-1,10,10,-1,10,10,0.2727272727272727,0
10,10,9,10,10,9,1,10,9,0.2,0
-1,10,10,-1,10,4,-1,1,10,0.25,0
1,4,9,1,10,9,10,10,2,0.3333333333333333,0
9,5,9,10,10,9,1,4,9,0.5,1
2,10,10,10,10,10,10,10,10,0.2,0
1,10,10,10,10,10,10,10,10,0.14285714285714285,0
10,10,1,10,10,10,10,10,10,0.16666666666666666,0
10,1,10,10,10,10,10,10,10,0.14285714285714285,1
10,10,-1,10,10,-1,-1,-1,-1,0.20798319327731093,1
10,10,-1,10,10,-1,-1,-1,-1,0.18407960199004975,0
10,10,10,10,10,10,-1,-1,-1,0.185,0
10,10,10,10,10,10,-1,-1,-1,0.18592964824120603,0
10,10,10,10,10,10,-1,-1,-1,0.18686868686868688,0
4,2,-1,10,10,-1,4,9,-1,0.5,1
-1,10,10,-1,10,10,-1,-1,-1,0.4444444444444444,0
10,10,-1,10,10,-1,9,9,-1,0.5,0
10,10,3,2,10,1,-1,-1,-1,0.5555555555555555,0
9,10,10,9,10,4,9,9,9,0.6666666666666666,1
1,3,9,10,10,9,2,4,9,0.5,0
10,10,-1,10,10,-1,-1,-1,-1,0.20638297872340425,0
10,10,10,10,10,10,-1,-1,-1,0.20815450643776823,1
10,10,10,10,10,10,-1,-1,-1,0.2608695652173913,0
10,10,10,10,10,10,-1,-1,-1,0.26666666666666666,1
1,10,10,10,10,10,10,10,10,0.2,0
1,10,10,10,10,10,10,10,10,0.14285714285714285,1
10,10,-1,10,10,-1,-1,-1,-1,0.20798319327731093,0
10,10,10,10,10,10,-1,-1,-1,0.20842105263157895,0
10,10,10,10,10,10,-1,-1,-1,0.2088607594936709,0
10,10,10,10,10,10,-1,-1,-1,0.20930232558139536,0
10,10,10,10,10,10,-1,-1,-1,0.2097457627118644,1
10,10,-1,10,10,-1,-1,-1,-1,0.20718816067653276,0
10,10,10,10,10,10,-1,-1,-1,0.2076271186440678,0
10,10,10,10,10,1,-1,-1,-1,0.2,0
10,10,10,10,10,10,-1,-1,-1,0.20851063829787234,0
10,10,10,10,10,1,-1,-1,-1,0.2,0
10,10,10,10,10,10,-1,-1,-1,0.21350762527233116,0
10,10,10,10,10,1,-1,-1,-1,0.2,0
10,10,10,10,10,10,3,9,9,0.3333333333333333,1
10,10,-1,10,10,-1,-1,-1,-1,0.20930232558139536,1
10,10,-1,10,10,-1,-1,-1,-1,0.20595533498759305,0
10,10,-1,9,10,-1,9,9,-1,0.2631578947368421,0
10,10,-1,10,10,-1,-1,-1,-1,0.20798319327731093,1
10,10,-1,10,10,-1,-1,-1,-1,0.2085201793721973,0
10,10,10,10,10,10,-1,-1,-1,0.20898876404494382,0
10,10,10,10,10,10,-1,-1,-1,0.20945945945945946,0
10,10,10,10,10,10,3,10,10,0.25,0
10,10,-1,10,10,-1,10,9,-1,0.25663716814159293,0
2,10,10,10,10,10,10,10,10,0.2857142857142857,0
10,2,10,10,10,10,10,10,10,0.2857142857142857,0
10,2,10,10,10,10,10,10,10,0.2857142857142857,0
10,10,10,10,10,10,1,2,9,0.29166666666666663,0
3,10,10,10,10,10,3,10,10,0.325,1
10,10,-1,10,10,-1,-1,-1,-1,0.21875,0
10,10,-1,10,10,-1,10,10,-1,0.2222222222222222,0
-1,10,9,-1,10,10,-1,10,10,0.3333333333333333,0
-1,10,10,-1,10,9,-1,2,10,0.25,0
-1,10,10,-1,10,10,-1,2,9,0.3333333333333333,0
-1,10,9,-1,10,10,-1,2,10,0.3333333333333333,0
-1,-1,-1,1,10,-1,10,10,-1,0.3333333333333333,0
-1,2,10,-1,10,10,-1,2,3,0.4444444444444444,0
-1,-1,-1,2,10,1,4,10,10,0.4444444444444444,0
-1,10,9,-1,10,5,-1,9,9,0.5,0
10,10,3,10,10,2,1,2,9,0.5,0
2,10,10,10,10,10,10,10,10,0.2,1
10,10,-1,10,10,-1,-1,-1,-1,0.20798319327731093,0
10,10,10,10,10,10,-1,-1,-1,0.21108742004264391,0
10,10,10,10,10,10,-1,-1,-1,0.21153846153846154,0
-1,10,10,-1,10,10,-1,10,10,0.2079207920792079,0
10,10,-1,10,10,-1,9,9,-1,0.208955223880597,0
10,10,10,10,10,10,10,10,10,0.21,0
10,10,10,10,10,10,10,10,10,0.21105527638190955,0
10,10,10,10,10,10,10,10,10,0.21212121212121213,0
-1,10,10,-1,10,10,-1,10,10,0.2131979695431472,1
10,10,-1,10,10,-1,-1,-1,-1,0.2066115702479339,0
10,10,10,10,10,10,-1,-1,-1,0.20833333333333334,0
10,10,10,10,10,10,-1,-1,-1,0.21008403361344538,0
10,10,10,10,10,1,-1,-1,-1,0.2,0
10,10,10,10,10,10,-1,-1,-1,0.21367521367521367,0
10,10,10,10,10,10,-1,-1,-1,0.21551724137931033,0
10,10,10,10,10,1,-1,-1,-1,0.2,0
10,10,10,10,10,10,-1,-1,-1,0.21929824561403508,1
10,10,-1,10,10,-1,-1,-1,-1,0.2059447983014862,0
4,10,-1,4,10,-1,9,9,-1,0.5,1
10,10,-1,10,10,-1,-1,-1,-1,0.20798319327731093,0
10,10,10,1,10,10,10,10,9,0.16666666666666666,0
10,10,10,2,10,10,10,9,10,0.16666666666666666,0
10,10,9,10,10,9,-1,-1,-1,0.22424242424242424,0
-1,10,10,-1,10,10,-1,-1,-1,0.22560975609756098,1
-1,10,10,-1,10,9,-1,9,9,0.3333333333333333,0
10,10,1,10,10,3,3,9,9,0.5,0
10,10,-1,10,10,-1,-1,-1,-1,0.20930232558139536,1
10,10,-1,10,10,-1,-1,-1,-1,0.23333333333333334,0
10,10,10,10,10,10,-1,-1,-1,0.2342007434944238,0
10,10,10,10,10,10,-1,-1,-1,0.23983739837398374,0
10,10,10,10,10,1,-1,-1,-1,0.2,0
-1,10,10,-1,10,10,-1,10,10,0.2962962962962963,0
-1,10,10,-1,10,10,-1,10,10,0.3018867924528302,1
10,10,-1,10,10,-1,-1,-1,-1,0.20562770562770563,0
10,10,10,10,10,10,-1,-1,-1,0.20607375271149675,0
10,10,9,10,10,9,10,9,9,0.19365079365079366,0
10,10,10,10,10,10,10,10,10,0.1942675159235669,0
10,10,10,10,10,10,10,10,10,0.19488817891373802,0
10,10,10,10,10,10,10,10,10,0.1955128205128205,0
10,10,10,10,10,10,10,10,10,0.19614147909967847,0
10,10,10,10,10,10,10,9,10,0.1967741935483871,0
10,10,10,10,10,2,10,10,9,0.14285714285714285,0
-1,10,10,-1,10,2,-1,10,10,0.16666666666666666,0
10,10,10,10,10,10,1,10,10,0.16666666666666666,0
10,10,-1,10,10,-1,10,10,-1,0.2,0
10,10,10,10,10,1,9,10,10,0.2,0
10,10,10,10,10,10,10,10,1,0.2,0
-1,10,10,-1,10,1,-1,10,10,0.14285714285714285,0
-1,-1,-1,9,10,9,9,9,9,0.0,0
10,10,-1,10,10,-1,9,3,-1,0.5,0
10,10,-1,10,10,-1,-1,-1,-1,0.2982456140350877,0
10,10,10,10,10,10,-1,-1,-1,0.30357142857142855,0
10,10,10,10,10,10,-1,-1,-1,0.3090909090909091,0
10,10,10,10,10,10,-1,-1,-1,0.3148148148148148,1
2,10,10,10,10,10,10,10,10,0.2,0
10,10,-1,10,10,-1,-1,-1,-1,0.21813031161473087,0
10,10,10,10,10,10,-1,-1,-1,0.2147239263803681,0
10,10,10,10,10,1,-1,-1,-1,0.2,0
10,10,10,10,10,10,-1,-1,-1,0.21835443037974683,0
10,10,10,10,10,10,-1,-1,-1,0.21904761904761905,0
10,10,10,10,10,1,-1,-1,-1,0.2,0
10,10,9,10,10,9,9,9,9,0.21967213114754097,0
-1,10,10,-1,10,10,-1,9,9,0.22039473684210525,0
10,10,10,10,10,10,10,10,10,0.213768115942029,0
10,10,10,10,10,10,10,10,10,0.21454545454545454,1
9,10,-1,10,10,-1,10,10,-1,0.2727272727272727,0
10,10,-1,9,10,-1,10,2,-1,0.25,0
10,10,-1,10,10,-1,9,2,-1,0.3333333333333333,0
9,9,-1,10,10,-1,10,2,-1,0.3333333333333333,0
10,2,-1,10,10,-1,2,1,-1,0.4444444444444444,0
9,9,9,10,10,9,4,4,9,0.5,0
10,10,-1,10,10,-1,-1,-1,-1,0.20930232558139536,0
10,10,10,10,10,10,-1,-1,-1,0.20489977728285078,0
10,10,10,10,10,1,-1,-1,-1,0.2,0
10,10,-1,3,10,-1,9,9,-1,0.2,0
10,10,10,10,10,10,2,9,10,0.3333333333333333,0
10,10,10,2,10,10,9,10,10,0.16666666666666666,0
-1,-1,-1,10,10,10,10,10,2,0.2,0
-1,-1,-1,10,10,1,10,10,10,0.25,0
-1,-1,-1,10,10,10,2,3,10,0.29166666666666663,1
10,10,-1,10,10,-1,-1,-1,-1,0.2077922077922078,0
10,10,10,10,10,10,-1,-1,-1,0.20824295010845986,0
10,10,10,10,10,1,-1,-1,-1,0.2,0
10,10,3,10,10,4,6,9,9,0.5,1
-1,-1,-1,10,10,-1,10,10,-1,0.25,0
10,1,-1,10,10,-1,9,2,-1,0.41666666666666663,0
1,10,10,10,10,10,10,10,10,0.16666666666666666,0
10,10,1,10,10,10,10,10,10,0.2,0
10,10,-1,10,10,-1,-1,-1,-1,0.2086021505376344,0
10,10,2,10,10,10,10,10,10,0.16666666666666666,0
10,1,10,10,10,10,-1,-1,-1,0.14285714285714285,0
10,10,10,10,10,10,-1,-1,-1,0.2092511013215859,1
10,10,-1,10,10,-1,-1,-1,-1,0.20798319327731093,1
10,10,-1,10,10,-1,-1,-1,-1,0.21030042918454936,0
10,10,10,10,10,10,-1,-1,-1,0.210752688172043,0
10,10,9,10,10,9,-1,-1,-1,0.21029082774049218,1
10,10,-1,9,10,-1,9,9,-1,0.4,0
3,10,-1,1,10,-1,-1,-1,-1,0.5,0
4,1,-1,10,10,-1,9,4,-1,0.5,0
2,10,10,10,10,10,10,10,10,0.16666666666666666,0
1,10,10,10,10,10,10,10,10,0.14285714285714285,0
10,10,-1,10,10,-1,-1,-1,-1,0.20309050772626933,0
10,10,10,10,10,10,-1,-1,-1,0.20353982300884957,0
10,10,10,10,10,10,-1,-1,-1,0.2039911308203991,0
10,10,10,10,10,10,-1,-1,-1,0.20444444444444446,1
10,10,-1,10,10,-1,-1,-1,-1,0.19540229885057472,0
10,10,10,10,10,10,-1,-1,-1,0.19767441860465115,0
10,10,10,10,10,10,-1,-1,-1,0.2,0
10,10,10,10,10,1,-1,-1,-1,0.2,0
2,10,10,10,10,10,10,10,10,0.2,0
10,10,10,3,10,10,9,10,10,0.2,0
2,10,-1,10,10,-1,10,10,-1,0.16666666666666666,0
10,10,-1,10,10,-1,2,10,-1,0.2,0
9,10,-1,10,10,-1,10,10,-1,0.2222222222222222,0
10,10,-1,9,10,-1,10,2,-1,0.25,0
10,10,-1,10,10,-1,-1,-1,-1,0.21108742004264391,1
1,10,-1,10,10,-1,10,10,-1,0.16666666666666666,0
10,10,-1,10,10,-1,1,10,-1,0.2,0
10,10,-1,10,10,-1,-1,-1,-1,0.2017167381974249,0
10,10,10,10,10,10,-1,-1,-1,0.2025862068965517,1
10,10,-1,10,10,-1,-1,-1,-1,0.2087912087912088,1
3,10,10,10,10,10,-1,-1,-1,0.25,0
9,10,10,3,10,10,3,10,10,0.3333333333333333,0
10,10,-1,10,10,-1,-1,-1,-1,0.42857142857142855,0
9,10,-1,10,10,-1,10,10,-1,0.46153846153846156,0
10,9,10,10,10,2,10,10,10,0.25,0
4,9,-1,9,10,-1,4,2,-1,0.4444444444444444,0
2,10,10,10,10,10,10,10,10,0.16666666666666666,0
10,10,10,10,10,10,2,10,10,0.2,0
10,10,-1,10,10,-1,-1,-1,-1,0.21164021164021163,0
10,10,10,10,10,10,-1,-1,-1,0.215633423180593,0
10,10,10,10,10,1,-1,-1,-1,0.2,0
10,10,10,10,10,10,-1,-1,-1,0.21680216802168023,0
10,10,10,10,10,1,-1,-1,-1,0.2,0
9,2,10,10,10,2,10,10,10,0.26785714285714285,0
10,10,10,10,10,10,-1,-1,-1,0.3275862068965517,0
10,10,10,10,10,10,-1,-1,-1,0.33043478260869563,0
10,10,10,10,10,10,-1,-1,-1,0.3333333333333333,0
10,10,2,10,10,10,10,10,10,0.3333333333333333,0
2,10,10,10,10,10,10,10,10,0.3333333333333333,0
-1,10,10,-1,10,10,-1,10,10,0.34234234234234234,0
-1,10,10,-1,10,10,-1,1,10,0.2,0
-1,10,10,-1,10,10,-1,1,10,0.25,0
-1,10,10,-1,10,10,-1,1,10,0.25,0
1,10,10,10,10,10,10,2,10,0.325,1
2,9,9,10,10,10,10,10,10,0.16666666666666666,0
3,10,10,10,10,10,10,10,10,0.2,1
10,10,-1,10,10,-1,-1,-1,-1,0.20798319327731093,1
10,10,-1,10,10,-1,3,1,-1,0.5,1
10,10,-1,10,10,-1,-1,-1,-1,0.21300448430493274,0
10,10,10,10,10,10,-1,-1,-1,0.21348314606741572,0
10,10,10,10,10,10,-1,-1,-1,0.21396396396396397,0
10,10,10,10,10,1,-1,-1,-1,0.2,0
9,6,9,10,10,9,-1,-1,-1,0.5,1
10,10,-1,10,10,-1,-1,-1,-1,0.20985010706638116,1
10,10,-1,10,10,-1,-1,-1,-1,0.2097130242825607,0
10,10,10,10,10,10,-1,-1,-1,0.21017699115044247,1
4,10,-1,3,10,-1,9,9,-1,0.5,0
10,10,-1,10,10,-1,-1,-1,-1,0.19708029197080293,0
10,10,10,10,10,10,-1,-1,-1,0.1978021978021978,1
10,10,-1,10,10,-1,2,1,-1,0.5,0
-1,10,1,-1,10,1,-1,10,2,0.3333333333333333,0
10,10,-1,10,10,-1,-1,-1,-1,0.20595602560534373,1
-1,10,1,-1,10,10,-1,10,10,0.16666666666666666,0
3,10,10,10,10,10,10,10,10,0.2,0
1,10,10,10,10,10,-1,-1,-1,0.14285714285714285,0
10,10,1,10,10,10,-1,-1,-1,0.16666666666666666,0
10,10,10,1,10,10,10,1,10,0.225,0
10,10,10,10,10,1,-1,-1,-1,0.25,1
10,10,-1,10,10,-1,-1,-1,-1,0.2056338028169014,1
-1,10,1,-1,10,10,-1,10,10,0.16666666666666666,0
-1,10,10,-1,10,10,-1,10,1,0.2,0
5,9,9,10,10,9,-1,-1,-1,0.5,0
2,2,-1,10,10,-1,2,9,-1,0.5,0
10,10,3,10,10,3,1,3,9,0.5,1
10,10,-1,10,10,-1,-1,-1,-1,0.20578420467185762,0
10,10,10,10,10,10,-1,-1,-1,0.20584144645340752,0
10,10,10,10,10,1,-1,-1,-1,0.2,0
-1,-1,-1,10,10,10,1,10,10,0.16666666666666666,0
-1,-1,-1,10,10,10,10,10,1,0.2,0
10,1,10,10,10,1,10,10,2,0.3,0
10,10,10,10,10,1,-1,-1,-1,0.3333333333333333,0
10,10,10,1,10,10,-1,-1,-1,0.3333333333333333,0
10,10,9,10,10,10,9,10,10,0.2727272727272727,0
-1,-1,-1,10,10,9,10,9,9,0.3,0
9,4,10,9,10,10,9,5,9,0.5,0
10,1,10,10,10,10,10,10,10,0.16666666666666666,0
3,10,-1,10,10,-1,10,10,-1,0.2,0
10,10,1,10,10,2,10,10,10,0.24285714285714285,0
10,3,9,10,10,10,10,10,10,0.25,0
10,10,10,10,10,10,4,9,9,0.25,0
2,10,10,10,10,10,10,10,10,0.25,0
3,10,10,10,10,10,10,10,10,0.25,0
10,10,10,10,10,10,-1,-1,-1,0.28444444444444444,0
10,10,10,10,10,10,-1,-1,-1,0.2857142857142857,0
10,10,10,10,10,1,-1,-1,-1,0.2,0
10,10,10,10,10,1,-1,-1,-1,0.25,1
10,10,-1,10,10,-1,-1,-1,-1,0.20557103064066853,0
10,10,10,10,10,10,-1,-1,-1,0.20562830872109222,0
10,10,10,10,10,10,-1,-1,-1,0.205685618729097,0
10,9,9,10,10,9,-1,-1,-1,0.20488835244417622,0
10,10,10,10,10,10,-1,-1,-1,0.2049501961968005,1
10,10,1,10,10,10,10,10,10,0.16666666666666666,0
10,10,9,10,10,3,10,10,10,0.2,0
10,10,2,10,10,10,10,10,10,0.16666666666666666,0
10,10,10,10,10,10,10,10,1,0.2,0
2,3,10,10,10,10,10,10,2,0.2333333333333333,0
10,10,-1,10,10,-1,-1,-1,-1,0.32954545454545453,0
10,10,10,10,10,10,-1,-1,-1,0.3333333333333333,0
10,10,10,10,10,1,-1,-1,-1,0.2,0
9,10,10,10,10,1,-1,-1,-1,0.25,0
10,10,10,10,10,10,1,1,10,0.29166666666666663,0
10,10,2,10,10,9,-1,-1,-1,0.3333333333333333,0
-1,10,2,-1,10,10,-1,10,10,0.3333333333333333,0
-1,10,3,-1,10,2,-1,1,10,0.3277777777777778,0
10,10,9,10,10,3,10,10,9,0.3333333333333333,0
9,10,10,3,10,10,9,10,10,0.3333333333333333,0
10,10,9,10,10,10,3,10,10,0.4,0
-1,10,10,-1,10,4,-1,10,10,0.4,0
-1,1,10,-1,10,10,-1,1,2,0.4444444444444444,0
10,10,2,10,10,4,9,9,9,0.5,1
10,10,-1,10,10,-1,-1,-1,-1,0.22009569377990432,0
10,10,-1,10,10,-1,10,10,-1,0.22340425531914893,0
10,10,-1,10,10,-1,10,1,-1,0.2,0
10,10,10,10,10,10,1,10,10,0.16666666666666666,1
3,10,10,10,10,10,10,10,10,0.2,0
10,10,-1,10,10,-1,-1,-1,-1,0.20589068252619655,0
-1,10,1,-1,10,10,-1,10,10,0.16666666666666666,0
-1,10,10,-1,10,10,-1,10,1,0.2,0
-1,-1,-1,10,10,10,3,9,9,0.25,0
-1,-1,-1,10,10,10,3,9,9,0.3333333333333333,1
1,10,10,10,10,10,10,10,10,0.2,0
10,10,-1,10,10,-1,-1,-1,-1,0.2056935528886408,0
10,10,10,10,10,10,-1,-1,-1,0.20632232571267287,0
10,10,10,10,10,10,-1,-1,-1,0.20638057594579334,0
10,10,10,10,10,10,-1,-1,-1,0.2064388590793561,0
10,10,10,10,10,1,-1,-1,-1,0.2,0
10,10,10,10,10,10,10,10,1,0.2,1
10,10,-1,10,10,-1,-1,-1,-1,0.20578420467185762,0
10,10,10,10,10,10,-1,-1,-1,0.20584144645340752,0
10,10,10,10,10,1,-1,-1,-1,0.2,0
10,10,10,10,10,10,-1,-1,-1,0.20595602560534373,0
10,10,-1,3,10,-1,10,10,-1,0.2,0
-1,-1,-1,10,10,10,10,10,1,0.2,0
10,10,-1,10,10,-1,3,1,-1,0.25,0
10,10,1,10,10,2,10,10,9,0.29166666666666663,0
10,10,-1,10,10,-1,10,10,-1,0.3333333333333333,1
2,10,-1,10,10,-1,10,10,-1,0.16666666666666666,1
10,10,-1,10,10,-1,-1,-1,-1,0.20595602560534373,1
10,10,-1,10,10,-1,-1,-1,-1,0.20552147239263804,1
10,10,-1,10,10,-1,-1,-1,-1,0.20595602560534373,0
10,10,10,10,10,10,-1,-1,-1,0.20618556701030927,0
10,10,10,10,10,1,-1,-1,-1,0.2,0
10,10,10,10,10,10,-1,-1,-1,0.2063005296905492,0
10,10,10,10,10,10,-1,-1,-1,0.20635805911879532,0
4,10,10,10,10,10,10,10,10,0.4,0
10,10,10,10,10,10,-1,-1,-1,0.42857142857142855,0
10,3,10,10,10,10,10,10,10,0.42857142857142855,0
10,10,10,10,10,10,-1,-1,-1,0.46153846153846156,0
-1,10,10,-1,10,10,-1,10,10,0.48,0
-1,10,4,-1,10,10,-1,2,10,0.45,0
1,10,3,2,10,4,10,10,10,0.47619047619047616,0
2,9,9,10,10,9,1,3,9,0.5,1
10,10,-1,10,10,-1,-1,-1,-1,0.2125,0
10,10,10,10,10,10,-1,-1,-1,0.21518987341772153,0
10,10,-1,10,10,-1,10,10,-1,0.21794871794871795,0
10,10,10,10,10,1,10,10,10,0.2,0
10,10,-1,10,10,-1,10,10,-1,0.2236842105263158,0
10,10,10,10,10,1,10,10,10,0.2,1
1,10,10,10,10,10,10,10,10,0.16666666666666666,0
10,10,10,10,10,10,1,10,10,0.2,1
10,10,-1,10,10,-1,-1,-1,-1,0.20551378446115287,1
10,3,9,10,10,10,-1,-1,-1,0.2,0
-1,10,10,-1,10,10,-1,-1,-1,0.2631578947368421,0
-1,10,9,-1,10,9,-1,9,9,0.3,0
-1,-1,-1,9,10,-1,9,9,-1,0.3333333333333333,0
4,10,9,10,10,3,2,2,9,0.5,0
1,10,10,10,10,10,10,10,10,0.2,0
10,10,3,10,10,10,10,10,10,0.25,0
1,10,3,10,10,2,10,10,10,0.25,0
10,10,10,10,10,10,-1,-1,-1,0.26136363636363635,0
10,10,10,10,10,1,-1,-1,-1,0.2,0
10,10,10,10,10,1,-1,-1,-1,0.25,0
10,10,10,10,10,1,-1,-1,-1,0.25,0
10,10,10,10,10,1,-1,-1,-1,0.25,0
10,10,10,10,10,10,-1,-1,-1,0.2698412698412698,0
10,10,10,10,10,10,-1,-1,-1,0.27091633466135456,1
10,9,3,10,10,10,10,10,10,0.25,0
10,2,10,10,10,10,10,10,10,0.16666666666666666,0
10,10,10,10,10,9,10,10,2,0.2,0
3,10,-1,10,10,-1,10,10,-1,0.25,0
9,9,-1,9,10,-1,3,10,-1,0.3333333333333333,0
10,10,-1,10,10,-1,-1,-1,-1,0.35294117647058826,0
10,10,10,10,10,1,-1,-1,-1,0.3333333333333333,0
10,9,10,10,10,10,-1,-1,-1,0.375,0
10,10,9,10,10,2,-1,-1,-1,0.25,0
10,10,-1,10,10,-1,10,10,-1,0.4,0
-1,-1,-1,10,10,9,10,10,9,0.41379310344827586,0
9,10,10,2,10,2,-1,-1,-1,0.41666666666666663,0
-1,9,3,-1,10,10,-1,1,10,0.41666666666666663,0
10,3,9,10,10,9,3,9,9,0.41666666666666663,0
4,1,-1,10,10,-1,4,2,-1,0.5,1
10,10,-1,10,10,-1,-1,-1,-1,0.20642978003384094,0
10,10,10,2,10,10,10,10,10,0.16666666666666666,0
10,10,10,1,10,10,10,10,10,0.14285714285714285,0
10,10,10,10,10,10,9,2,1,0.18333333333333335,0
9,10,10,9,10,10,-1,-1,-1,0.44680851063829785,0
9,9,9,9,10,10,9,3,10,0.3333333333333333,0
9,10,10,9,10,2,3,10,10,0.45,0
10,10,-1,10,10,-1,10,10,-1,0.4634146341463415,0
10,10,10,10,10,10,10,10,10,0.475,0
10,10,-1,10,10,-1,10,10,-1,0.48717948717948717,1
10,10,-1,10,10,-1,-1,-1,-1,0.20584958217270194,0
10,10,10,10,10,10,-1,-1,-1,0.20610473256790815,0
10,10,10,10,10,10,-1,-1,-1,0.2061624649859944,1
5,10,-1,10,10,-1,10,10,-1,0.3333333333333333,0
10,1,-1,10,10,-1,-1,-1,-1,0.25,0
10,10,9,10,10,10,2,10,10,0.3333333333333333,0
2,10,10,10,10,10,-1,-1,-1,0.2,0
10,10,10,1,10,10,-1,-1,-1,0.25,0
10,10,2,10,10,10,-1,-1,-1,0.25,0
9,10,10,9,10,1,-1,-1,-1,0.25,0
2,9,-1,10,10,-1,10,10,-1,0.25,0
9,9,9,10,10,10,10,10,10,0.2894736842105263,0
10,10,10,10,10,10,10,10,10,0.2972972972972973,0
10,10,10,10,10,10,2,10,10,0.25,1
-1,10,10,-1,10,10,-1,-1,-1,0.3793103448275862,0
-1,10,10,-1,10,10,-1,1,10,0.3333333333333333,0
-1,10,2,-1,10,10,-1,10,10,0.4,0
-1,1,10,-1,10,10,-1,2,9,0.375,0
-1,10,10,-1,10,10,-1,10,10,0.4444444444444444,0
-1,2,10,-1,10,10,-1,2,10,0.45,0
9,10,-1,10,10,-1,10,10,-1,0.42857142857142855,1
2,10,10,10,10,10,10,10,10,0.16666666666666666,0
1,10,10,10,10,10,10,10,10,0.14285714285714285,0
10,10,1,10,10,10,10,10,10,0.16666666666666666,0
10,10,10,10,10,10,1,10,10,0.2,0
-1,-1,-1,9,10,2,9,10,10,0.3333333333333333,0
-1,10,2,-1,10,10,-1,10,10,0.4,0
-1,1,10,-1,10,10,-1,10,9,0.25,0
-1,10,10,-1,10,3,-1,10,10,0.4,0
-1,9,9,-1,10,10,-1,10,10,0.44,0
9,9,9,3,10,5,10,10,9,0.41666666666666663,0
1,10,3,3,10,5,9,9,9,0.5,0
2,3,2,10,10,9,2,4,9,0.5,0
10,10,9,10,10,4,1,2,9,0.5,0
10,10,3,10,10,2,3,3,9,0.5,0
3,10,10,10,10,10,10,10,10,0.2,0
10,10,2,10,10,10,10,10,10,0.2,1
10,10,-1,10,10,-1,-1,-1,-1,0.35294117647058826,0
9,9,9,10,10,9,-1,-1,-1,0.3333333333333333,0
3,10,10,3,10,9,9,9,9,0.5,0
2,1,-1,10,10,-1,3,2,-1,0.5,0
-1,-1,-1,10,10,-1,10,10,-1,0.4,0
-1,-1,-1,10,10,1,10,10,10,0.3333333333333333,0
1,3,9,10,10,9,2,4,9,0.5,0
2,1,-1,10,10,-1,9,2,-1,0.5,1
1,10,10,10,10,10,10,10,10,0.2,0
10,1,10,10,10,10,10,10,10,0.14285714285714285,0
10,10,9,10,10,10,1,10,10,0.16666666666666666,0
10,10,10,10,10,9,10,2,10,0.16666666666666666,0
1,10,3,1,10,2,10,1,10,0.24666666666666665,0
2,10,10,10,10,10,10,10,10,0.25,0
10,1,1,10,10,10,10,10,10,0.26666666666666666,0
10,10,4,10,10,9,10,10,10,0.3333333333333333,0
10,3,9,10,10,10,10,10,10,0.3333333333333333,0
-1,10,2,-1,10,10,-1,10,10,0.16666666666666666,0
-1,10,3,-1,10,2,-1,1,10,0.2833333333333334,0
9,10,10,10,10,10,9,3,9,0.3333333333333333,1
10,10,10,10,10,10,1,10,10,0.16666666666666666,0
10,10,10,10,10,10,1,10,10,0.14285714285714285,0
10,10,10,10,10,10,10,10,1,0.16666666666666666,0
10,10,10,10,10,1,10,10,1,0.225,1
2,10,10,10,10,10,10,10,10,0.16666666666666666,0
1,10,10,10,10,10,10,10,10,0.14285714285714285,0
10,10,10,10,10,10,2,1,1,0.27777777777777773,0
5,10,10,10,10,10,10,10,10,0.3333333333333333,0
2,10,10,10,10,10,9,10,10,0.2857142857142857,0
10,10,-1,2,10,-1,10,10,-1,0.16666666666666666,0
10,10,-1,10,10,-1,2,1,-1,0.25,0
10,10,10,10,10,10,10,10,3,0.3333333333333333,0
10,10,10,10,10,10,9,3,9,0.3333333333333333,0
-1,-1,-1,10,10,10,4,10,10,0.4,0
2,1,-1,10,10,-1,4,2,-1,0.41666666666666663,0
-1,-1,-1,10,10,10,10,3,10,0.42857142857142855,1
10,10,-1,10,10,-1,-1,-1,-1,0.20578420467185762,1
10,10,-1,10,10,-1,-1,-1,-1,0.20527941589441168,1
10,10,10,10,10,10,4,10,10,0.3333333333333333,1
10,10,-1,10,10,-1,-1,-1,-1,0.2060791968767429,0
10,10,10,10,10,10,-1,-1,-1,0.20613668061366805,0
10,10,10,10,10,1,-1,-1,-1,0.2,0
10,10,10,10,10,10,-1,-1,-1,0.2059317291550084,1
1,10,10,10,10,10,10,10,10,0.2,0
1,10,10,10,10,10,10,10,10,0.14285714285714285,0
1,10,10,10,10,10,10,10,10,0.14285714285714285,0
10,10,1,10,10,10,10,10,10,0.16666666666666666,0
10,1,10,10,10,10,10,10,10,0.14285714285714285,0
1,10,10,10,10,10,10,10,10,0.14285714285714285,0
10,10,1,10,10,10,10,10,10,0.16666666666666666,0
10,1,10,10,10,10,10,10,9,0.16666666666666666,0
-1,10,1,-1,10,1,-1,10,3,0.24444444444444446,0
2,10,10,10,10,10,-1,-1,-1,0.3333333333333333,0
10,10,10,1,10,10,-1,-1,-1,0.25,1
1,10,10,10,10,10,10,10,10,0.2,0
10,10,-1,10,10,-1,-1,-1,-1,0.20624303232998886,0
10,10,10,10,10,10,-1,-1,-1,0.2063005296905492,0
10,10,10,10,10,1,-1,-1,-1,0.2,0
10,10,10,10,10,10,-1,-1,-1,0.20641562064156208,0
10,10,10,10,10,1,-1,-1,-1,0.2,0
1,10,-1,10,10,-1,10,10,-1,0.16666666666666666,0
9,5,9,9,10,10,-1,-1,-1,0.3333333333333333,0
10,10,2,3,10,2,9,10,9,0.35555555555555557,0
9,9,3,10,10,9,10,10,3,0.41666666666666663,1
10,10,-1,10,10,-1,-1,-1,-1,0.20590693786570075,0
10,10,9,10,10,9,-1,-1,-1,0.20592344230231907,0
1,2,9,10,10,10,10,10,10,0.3333333333333333,0
10,10,9,1,10,2,-1,-1,-1,0.41666666666666663,0
10,10,9,10,10,9,-1,-1,-1,0.4375,1
3,10,10,10,10,10,10,10,10,0.2,1
1,10,10,10,10,10,10,10,10,0.16666666666666666,0
1,10,10,10,10,10,10,10,10,0.14285714285714285,0
1,10,10,10,10,10,10,10,10,0.14285714285714285,0
1,10,10,10,10,10,10,10,10,0.14285714285714285,0
10,10,1,10,10,10,10,10,10,0.16666666666666666,1
10,10,-1,10,10,-1,-1,-1,-1,0.21311475409836064,0
10,10,10,10,10,10,-1,-1,-1,0.2136150234741784,0
10,10,10,10,10,1,-1,-1,-1,0.2,0
10,10,10,10,10,10,-1,-1,-1,0.21462264150943397,0
10,10,10,10,10,10,-1,-1,-1,0.21513002364066194,0
10,10,10,10,10,10,-1,-1,-1,0.2156398104265403,0
10,10,10,10,10,10,-1,-1,-1,0.2161520190023753,0
10,10,10,10,10,1,-1,-1,-1,0.2,0
10,10,-1,10,10,-1,9,9,-1,0.35714285714285715,1
1,10,10,10,10,10,10,10,10,0.16666666666666666,0
1,10,10,10,10,10,10,10,10,0.14285714285714285,0
1,10,10,10,10,10,10,10,10,0.14285714285714285,0
10,10,1,10,10,10,10,10,10,0.16666666666666666,0
10,10,10,10,10,10,1,10,10,0.16666666666666666,1
10,10,-1,10,10,-1,-1,-1,-1,0.20798319327731093,1
10,10,-1,10,10,-1,-1,-1,-1,0.19796954314720813,0
10,10,-1,10,10,-1,-1,-1,-1,0.20798319327731093,0
10,10,10,10,10,10,-1,-1,-1,0.20842105263157895,0
10,10,10,10,10,1,-1,-1,-1,0.2,0
10,10,-1,9,10,-1,10,10,-1,0.21518987341772153,0
10,10,10,10,10,10,10,10,9,0.22435897435897437,1
10,10,-1,10,10,-1,-1,-1,-1,0.21311475409836064,0
10,10,10,10,10,10,-1,-1,-1,0.2136150234741784,0
10,10,10,10,10,10,-1,-1,-1,0.21411764705882352,0
10,10,10,10,10,10,-1,-1,-1,0.21462264150943397,0
10,10,10,10,10,1,-1,-1,-1,0.2,0
10,10,10,10,10,10,-1,-1,-1,0.21875,0
10,10,10,10,10,10,-1,-1,-1,0.21927710843373494,0
-1,10,10,-1,10,10,-1,-1,-1,0.21980676328502416,1
10,10,-1,10,10,-1,-1,-1,-1,0.20798319327731093,0
10,10,10,10,10,10,2,10,10,0.2,0
10,10,-1,10,10,-1,10,10,-1,0.21982758620689655,0
10,10,10,10,10,3,9,9,9,0.25,0
2,10,-1,9,10,-1,9,10,-1,0.2,0
-1,-1,-1,1,10,-1,10,10,-1,0.3333333333333333,0
-1,-1,-1,2,10,1,4,10,10,0.4444444444444444,0
10,10,-1,10,10,-1,-1,-1,-1,0.21380846325167038,0
10,10,10,10,10,10,-1,-1,-1,0.21428571428571427,0
10,10,10,10,10,1,-1,-1,-1,0.2,0
10,10,10,10,10,10,-1,-1,-1,0.21709006928406466,0
10,10,10,10,10,10,-1,-1,-1,0.2175925925925926,0
10,10,10,10,10,10,-1,-1,-1,0.21809744779582366,1
10,10,3,10,10,1,-1,-1,-1,0.3333333333333333,0
10,10,10,10,10,1,-1,-1,-1,0.3333333333333333,0
10,10,3,10,10,9,10,10,9,0.3333333333333333,0
10,4,9,10,10,9,10,10,9,0.4,0
-1,10,10,-1,10,10,-1,-1,-1,0.4782608695652174,1
1,10,10,10,10,10,10,10,10,0.2,0
10,10,-1,10,10,-1,-1,-1,-1,0.21153846153846154,0
10,10,10,10,10,10,-1,-1,-1,0.2186046511627907,0
10,10,10,10,10,10,-1,-1,-1,0.2191142191142191,0
10,10,10,10,10,10,-1,-1,-1,0.21962616822429906,0
-1,10,10,-1,10,10,-1,9,9,0.25,0
-1,9,4,-1,10,10,-1,3,10,0.41666666666666663,0
3,10,10,10,10,10,10,10,10,0.2,0
10,10,-1,10,10,-1,-1,-1,-1,0.20187793427230047,0
10,10,10,10,10,10,-1,-1,-1,0.2037914691943128,0
10,10,10,10,10,1,-1,-1,-1,0.2,0
10,10,1,10,10,10,10,10,10,0.16666666666666666,0
10,10,10,10,10,10,10,10,1,0.2,0
10,10,-1,10,10,-1,-1,-1,-1,0.20798319327731093,0
10,10,10,10,10,10,-1,-1,-1,0.20815450643776823,0
10,10,10,10,10,10,-1,-1,-1,0.2086021505376344,0
10,10,10,10,10,10,-1,-1,-1,0.20905172413793102,0
10,10,10,10,10,1,-1,-1,-1,0.2,0
10,10,10,10,10,10,-1,-1,-1,0.21158129175946547,1
10,10,-1,10,10,-1,-1,-1,-1,0.20798319327731093,0
10,10,10,10,10,10,-1,-1,-1,0.20842105263157895,0
10,10,10,10,10,10,-1,-1,-1,0.2088607594936709,0
10,10,10,10,10,10,-1,-1,-1,0.20930232558139536,0
10,10,10,10,10,10,-1,-1,-1,0.2097457627118644,0
10,10,10,10,10,10,-1,-1,-1,0.21019108280254778,0
10,10,-1,10,10,-1,-1,-1,-1,0.21136363636363636,1
10,10,-1,10,10,-1,-1,-1,-1,0.19954128440366972,0
10,10,10,10,10,10,2,10,10,0.2,0
-1,10,10,-1,10,10,-1,10,10,0.23529411764705882,0
10,10,-1,10,10,-1,9,10,-1,0.23684210526315788,1
10,10,-1,10,10,-1,-1,-1,-1,0.20718816067653276,0
10,10,10,10,10,10,-1,-1,-1,0.20815450643776823,0
10,10,10,10,10,1,-1,-1,-1,0.2,0
10,10,10,10,10,10,-1,-1,-1,0.21396396396396397,1
10,10,-1,10,10,-1,2,1,-1,0.5,1
10,10,-1,10,10,-1,-1,-1,-1,0.20798319327731093,0
-1,-1,-1,1,10,9,10,10,3,0.41666666666666663,0
10,10,-1,10,10,-1,-1,-1,-1,0.2,0
10,10,10,10,10,10,-1,-1,-1,0.20043103448275862,0
10,10,10,10,10,10,-1,-1,-1,0.20086393088552915,0
10,10,10,10,10,10,-1,-1,-1,0.1984732824427481,0
10,10,10,10,10,10,-1,-1,-1,0.1989795918367347,0
10,10,-1,10,10,-1,-1,-1,-1,0.3,0
2,1,10,10,10,10,10,10,10,0.325,0
-1,10,1,-1,10,10,-1,-1,-1,0.16666666666666666,0
10,10,10,10,10,10,9,3,9,0.3333333333333333,0
10,10,-1,10,10,-1,10,10,-1,0.4375,0
9,5,10,10,10,10,4,10,10,0.45,0
10,10,-1,10,10,-1,3,1,-1,0.5,0
4,10,10,9,10,4,9,9,3,0.5,0
10,10,-1,10,10,-1,-1,-1,-1,0.210412147505423,0
9,10,10,4,10,10,10,10,10,0.25,0
10,10,10,10,10,10,-1,-1,-1,0.2962962962962963,0
10,10,10,10,10,10,-1,-1,-1,0.3076923076923077,0
10,10,10,10,10,1,-1,-1,-1,0.2,0
10,9,9,10,10,9,10,3,10,0.4,1
2,10,10,10,10,2,10,10,10,0.29166666666666663,0
10,10,-1,10,10,-1,-1,-1,-1,0.3157894736842105,0
10,10,10,10,10,10,-1,-1,-1,0.3191489361702128,1
10,10,-1,10,10,-1,10,10,-1,0.2391304347826087,0
10,10,-1,10,10,-1,10,1,-1,0.2,0
3,10,-1,10,10,-1,10,10,-1,0.2,0
10,10,-1,10,10,-1,3,10,-1,0.25,0
10,10,-1,10,10,-1,10,1,-1,0.25,0
1,10,1,3,10,3,9,9,9,0.5,0
10,10,2,10,10,10,-1,-1,-1,0.2,0
10,10,10,10,10,1,-1,-1,-1,0.25,0
10,10,-1,10,10,-1,10,10,-1,0.30612244897959184,0
10,10,10,10,10,1,10,10,10,0.2,0
10,10,-1,10,10,-1,2,1,-1,0.26785714285714285,0
10,10,-1,10,10,-1,-1,-1,-1,0.21809744779582366,0
10,10,10,10,10,10,-1,-1,-1,0.21951219512195122,0
10,10,10,10,10,1,-1,-1,-1,0.2,0
3,10,10,9,10,10,9,10,10,0.3333333333333333,1
10,10,-1,10,10,-1,-1,-1,-1,0.20798319327731093,0
10,10,10,10,10,10,-1,-1,-1,0.20842105263157895,0
10,10,10,10,10,1,-1,-1,-1,0.2,0
9,9,-1,10,10,-1,10,10,-1,0.25,0
10,3,-1,10,10,-1,2,1,-1,0.4444444444444444,0
3,10,10,10,10,10,10,10,10,0.2,0
1,10,-1,10,10,-1,10,10,-1,0.16666666666666666,0
2,10,-1,10,10,-1,10,10,-1,0.2,0
10,10,-1,10,10,-1,1,10,-1,0.2,0
-1,-1,-1,10,10,10,9,10,10,0.3333333333333333,0
-1,-1,-1,10,10,2,10,9,10,0.25,0
-1,-1,-1,2,10,10,10,10,2,0.3666666666666667,0
-1,-1,-1,1,10,2,3,10,9,0.4444444444444444,0
10,10,-1,10,10,-1,-1,-1,-1,0.20930232558139536,1
2,10,10,10,10,10,10,10,10,0.2,0
10,10,-1,10,10,-1,-1,-1,-1,0.23303834808259588,0
10,10,10,10,10,10,-1,-1,-1,0.23372781065088757,0
10,10,10,10,10,1,-1,-1,-1,0.2,1
10,10,-1,10,10,-1,-1,-1,-1,0.20305676855895197,0
10,10,10,10,10,10,-1,-1,-1,0.20350109409190373,1
10,10,-1,10,10,-1,-1,-1,-1,0.20798319327731093,1
-1,-1,-1,10,10,9,10,9,9,0.2,0
10,10,-1,10,10,-1,-1,-1,-1,0.20861678004535147,1
10,10,-1,10,10,-1,-1,-1,-1,0.2037037037037037,0
10,10,10,10,10,10,-1,-1,-1,0.20754716981132076,0
4,10,10,9,10,1,-1,-1,-1,0.41666666666666663,0
10,10,-1,10,10,-1,10,10,-1,0.21428571428571427,0
10,10,-1,10,10,-1,10,1,-1,0.2,0
4,2,-1,10,10,-1,-1,-1,-1,0.5,1
10,10,-1,10,10,-1,-1,-1,-1,0.20798319327731093,0
10,10,10,10,10,10,1,10,10,0.16666666666666666,0
10,10,2,10,10,10,10,10,10,0.2,0
10,10,10,10,10,1,10,10,10,0.14285714285714285,0
10,10,10,10,10,1,10,10,10,0.14285714285714285,0
10,10,10,10,10,2,1,1,10,0.19444444444444442,0
10,10,10,10,10,10,10,10,1,0.2,1
10,10,-1,10,10,-1,-1,-1,-1,0.17391304347826086,0
10,10,10,10,10,10,-1,-1,-1,0.18181818181818182,0
10,10,-1,10,10,-1,10,10,-1,0.19047619047619047,0
10,10,10,10,10,1,-1,-1,-1,0.2,0
10,10,10,10,10,1,10,10,10,0.2,0
9,10,10,10,10,10,10,10,10,0.2222222222222222,0
9,10,10,9,10,10,10,2,10,0.14285714285714285,0
3,10,10,2,10,2,10,10,10,0.21746031746031746,0
10,10,10,3,10,10,2,1,2,0.24583333333333335,0
10,10,-1,10,10,-1,-1,-1,-1,0.2087912087912088,0
10,10,10,10,10,10,-1,-1,-1,0.2092511013215859,0
10,10,10,10,10,1,-1,-1,-1,0.2,0
10,10,10,10,10,10,-1,-1,-1,0.21017699115044247,0
10,10,10,10,10,10,-1,-1,-1,0.2106430155210643,0
10,10,10,10,10,10,-1,-1,-1,0.2111111111111111,0
10,10,10,10,10,1,-1,-1,-1,0.2,0
10,10,10,10,10,10,1,1,10,0.25,0
10,10,-1,10,10,-1,10,1,-1,0.3333333333333333,0
3,10,10,10,10,10,10,10,10,0.3333333333333333,1
10,10,-1,10,10,-1,-1,-1,-1,0.20770877944325483,1
10,10,-1,10,10,-1,-1,-1,-1,0.22395833333333334,0
10,10,10,10,10,10,-1,-1,-1,0.225130890052356,1
10,10,10,10,10,10,10,10,10,0.32142857142857145,0
10,10,9,10,10,10,10,10,10,0.3333333333333333,0
10,10,10,10,10,10,10,10,10,0.34615384615384615,0
9,9,9,10,10,10,10,10,9,0.36,0
-1,10,10,-1,10,3,-1,10,10,0.375,1
10,10,10,10,10,3,9,9,9,0.2,0
-1,-1,-1,10,10,10,3,10,10,0.25,1
10,10,-1,10,10,-1,-1,-1,-1,0.20638297872340425,0
10,10,10,10,10,10,-1,-1,-1,0.2068230277185501,0
10,10,10,10,10,10,-1,-1,-1,0.20726495726495728,1
10,10,-1,10,10,-1,-1,-1,-1,0.20798319327731093,0
10,10,9,10,10,9,-1,-1,-1,0.2119047619047619,0
-1,10,10,-1,10,10,-1,10,10,0.19883040935672514,0
10,10,10,10,10,10,10,10,10,0.19941348973607037,0
10,10,10,10,10,1,10,10,10,0.125,0
10,10,10,4,10,10,9,9,9,0.25,0
10,2,-1,10,10,-1,-1,-1,-1,0.3333333333333333,0
-1,-1,-1,9,10,10,9,5,10,0.3333333333333333,0
10,10,2,10,10,1,-1,-1,-1,0.5,1
10,10,-1,10,10,-1,-1,-1,-1,0.20798319327731093,0
10,10,10,10,10,3,10,10,9,0.2,0
10,10,2,10,10,10,10,10,10,0.16666666666666666,0
10,10,10,10,10,10,10,10,2,0.2,0
10,10,10,10,10,1,10,10,10,0.14285714285714285,0
10,10,10,10,10,10,1,10,10,0.16666666666666666,0
10,10,10,10,10,10,-1,-1,-1,0.20993227990970656,0
10,10,10,10,10,1,-1,-1,-1,0.2,1
1,10,10,10,10,10,10,10,10,0.16666666666666666,0
4,10,-1,2,10,-1,-1,-1,-1,0.5,0
10,10,-1,10,10,-1,-1,-1,-1,0.20588235294117646,0
-1,9,9,-1,10,3,-1,10,10,0.25,0
2,10,9,10,10,4,9,5,9,0.5,1
10,10,-1,10,10,-1,-1,-1,-1,0.20408163265306123,1
10,10,-1,10,10,-1,-1,-1,-1,0.21016166281755197,1
10,10,-1,10,10,-1,-1,-1,-1,0.21875,0
10,10,10,10,10,10,-1,-1,-1,0.22151898734177214,0
10,10,10,10,10,1,-1,-1,-1,0.2,0
10,10,10,10,10,10,-1,-1,-1,0.2229299363057325,0
10,10,10,10,10,10,-1,-1,-1,0.22364217252396165,0
10,10,10,10,10,1,-1,-1,-1,0.2,0
4,2,-1,10,10,-1,3,1,-1,0.5,1
10,10,-1,10,10,-1,-1,-1,-1,0.20851063829787234,0
10,10,10,10,10,10,-1,-1,-1,0.208955223880597,0
10,10,10,10,10,10,-1,-1,-1,0.2094017094017094,0
10,10,10,10,10,10,-1,-1,-1,0.20985010706638116,0
10,10,10,10,10,10,-1,-1,-1,0.21030042918454936,0
10,10,10,10,10,1,-1,-1,-1,0.2,0
2,10,10,9,10,10,9,10,10,0.2,1
10,10,-1,10,10,-1,-1,-1,-1,0.20798319327731093,0
10,10,10,10,10,10,-1,-1,-1,0.20842105263157895,0
10,10,10,10,10,1,-1,-1,-1,0.2,0
10,10,10,10,10,10,-1,-1,-1,0.21108742004264391,0
10,10,10,10,10,10,-1,-1,-1,0.21153846153846154,0
10,10,10,10,10,1,-1,-1,-1,0.2,1
10,10,-1,10,10,-1,-1,-1,-1,0.20798319327731093,0
10,10,10,10,10,10,-1,-1,-1,0.20842105263157895,0
10,10,10,10,10,10,-1,-1,-1,0.2088607594936709,0
10,10,10,10,10,10,-1,-1,-1,0.20930232558139536,0
10,10,10,10,10,1,-1,-1,-1,0.2,0
9,10,-1,9,10,-1,3,10,-1,0.3333333333333333,1
10,10,1,10,10,10,10,10,10,0.2,0
10,10,-1,10,10,-1,-1,-1,-1,0.29,1
-1,10,1,-1,10,10,-1,10,10,0.2,0
10,10,-1,10,10,-1,-1,-1,-1,0.26582278481012656,0
10,10,10,10,10,10,-1,-1,-1,0.267515923566879,0
10,10,10,10,10,10,-1,-1,-1,0.2692307692307692,0
10,10,10,10,10,10,-1,-1,-1,0.29411764705882354,0
10,10,10,10,10,1,-1,-1,-1,0.2,0
10,10,10,10,10,1,-1,-1,-1,0.25,1
3,10,10,10,10,10,10,10,10,0.2,0
10,10,10,10,10,10,3,10,10,0.25,0
10,10,-1,2,10,-1,10,10,-1,0.2857142857142857,0
2,10,10,10,10,10,10,10,10,0.3333333333333333,0
10,10,-1,10,10,-1,10,10,-1,0.3793103448275862,0
10,10,-1,10,10,-1,10,10,-1,0.39285714285714285,0
10,10,10,9,10,10,10,3,10,0.4,0
9,9,3,5,10,3,4,10,3,0.3733333333333333,0
10,10,-1,10,10,-1,10,10,-1,0.38095238095238093,0
10,10,10,10,10,1,10,10,10,0.2,0
10,10,-1,10,10,-1,2,1,-1,0.26785714285714285,0
9,10,10,10,10,1,10,2,1,0.3333333333333333,0
9,2,2,2,10,10,3,10,10,0.43333333333333335,0
10,4,10,10,10,10,9,3,9,0.45238095238095233,0
10,10,-1,10,10,-1,-1,-1,-1,0.1903114186851211,1
10,10,-1,10,10,-1,-1,-1,-1,0.2108695652173913,0
10,10,10,10,10,10,-1,-1,-1,0.21271929824561403,0
10,10,10,10,10,1,-1,-1,-1,0.2,0
10,10,10,10,10,10,-1,-1,-1,0.21365638766519823,1
9,3,-1,10,10,-1,4,1,-1,0.5,1
-1,10,10,-1,10,10,-1,10,10,0.3157894736842105,0
-1,10,10,-1,10,10,-1,10,10,0.3333333333333333,0
-1,10,10,-1,10,10,-1,1,10,0.2,0
10,10,10,10,10,10,1,10,10,0.25,0
10,10,3,2,10,9,10,10,9,0.30952380952380953,1
10,10,-1,10,10,-1,-1,-1,-1,0.3333333333333333,0
3,10,-1,10,10,-1,10,1,-1,0.3666666666666667,0
4,10,1,9,10,1,-1,-1,-1,0.5,0
10,10,-1,10,10,-1,3,2,-1,0.5,0
1,10,10,10,10,10,10,10,10,0.16666666666666666,0
1,10,10,10,10,10,10,10,10,0.14285714285714285,1
10,10,-1,10,10,-1,-1,-1,-1,0.20798319327731093,1
10,10,-1,10,10,-1,-1,-1,-1,0.20816326530612245,1
10,10,-1,10,10,-1,-1,-1,-1,0.20798319327731093,0
10,10,10,10,10,10,-1,-1,-1,0.20842105263157895,0
10,10,10,10,10,10,-1,-1,-1,0.2088607594936709,0
10,10,10,10,10,1,-1,-1,-1,0.2,0
10,10,10,10,10,10,-1,-1,-1,0.2097457627118644,1
10,10,-1,10,10,-1,-1,-1,-1,0.2304147465437788,0
10,10,10,10,10,10,-1,-1,-1,0.23148148148148148,0
10,10,10,10,10,10,-1,-1,-1,0.23255813953488372,1
10,10,-1,10,10,-1,-1,-1,-1,0.20930232558139536,1
-1,10,2,-1,10,1,-1,-1,-1,0.5,0
10,10,-1,10,10,-1,-1,-1,-1,0.21052631578947367,0
10,10,10,10,10,10,-1,-1,-1,0.21380846325167038,0
10,10,10,10,10,1,-1,-1,-1,0.2,0
1,10,-1,10,10,-1,10,10,-1,0.16666666666666666,0
10,10,-1,10,10,-1,1,10,-1,0.2,0
2,10,10,10,10,10,10,10,10,0.25,0
1,1,2,1,10,10,-1,-1,-1,0.5,0
4,10,5,2,10,2,-1,-1,-1,0.5,0
-1,10,10,-1,10,9,-1,9,9,0.5,0
2,4,9,10,10,9,4,9,9,0.5,0
10,10,10,10,10,9,3,3,9,0.5,0
10,10,-1,10,10,-1,-1,-1,-1,0.20634037819799778,1
10,10,9,10,10,9,-1,-1,-1,0.3333333333333333,0
10,10,-1,10,10,-1,2,1,-1,0.3333333333333333,0
10,10,3,3,10,9,10,10,9,0.3666666666666667,1
10,10,-1,10,10,-1,-1,-1,-1,0.20635805911879532,0
10,10,10,10,10,10,-1,-1,-1,0.20641562064156208,0
10,10,10,10,10,1,-1,-1,-1,0.2,0
10,10,10,10,10,10,-1,-1,-1,0.20653084007814682,1
10,10,-1,10,10,-1,-1,-1,-1,0.2061711079943899,0
10,9,9,10,10,9,-1,-1,-1,0.2061391157420445,0
10,10,10,10,10,10,-1,-1,-1,0.20631341600901917,1
1,10,10,10,10,10,10,10,10,0.16666666666666666,0
10,10,2,10,10,10,10,10,10,0.2,0
10,10,-1,10,10,-1,-1,-1,-1,0.2074052646803587,0
10,10,10,10,10,10,-1,-1,-1,0.2074652777777778,0
10,10,10,10,10,1,-1,-1,-1,0.2,0
1,10,10,10,10,10,10,10,10,0.2,0
1,10,10,10,10,10,10,10,10,0.14285714285714285,0
10,10,-1,10,10,-1,-1,-1,-1,0.20710887209627762,0
10,10,10,10,10,10,-1,-1,-1,0.20716685330347145,0
10,10,10,10,10,10,-1,-1,-1,0.20722486698403808,0
10,10,10,10,10,1,-1,-1,-1,0.2,0
10,10,10,10,10,10,-1,-1,-1,0.20734099187447463,0
10,10,10,10,10,1,-1,-1,-1,0.2,0
10,10,10,10,10,10,-1,-1,-1,0.20766413074105383,1
10,10,-1,10,10,-1,-1,-1,-1,0.2065126635123852,0
10,10,10,10,10,10,1,10,10,0.16666666666666666,0
1,10,10,10,10,10,10,10,10,0.14285714285714285,0
1,10,10,10,10,10,10,10,10,0.14285714285714285,0
10,10,10,10,10,10,1,10,10,0.16666666666666666,0
10,10,10,10,10,10,10,1,10,0.16666666666666666,1
10,10,-1,10,10,-1,-1,-1,-1,0.20595602560534373,0
10,10,10,10,10,10,-1,-1,-1,0.20601336302895323,0
10,10,10,10,10,1,-1,-1,-1,0.2,0
10,10,10,10,10,10,-1,-1,-1,0.20612813370473537,1
2,10,10,10,10,10,10,10,10,0.25,1
3,10,10,10,10,10,10,10,10,0.2,0
10,10,3,10,10,10,10,10,10,0.25,0
10,2,10,10,10,10,-1,-1,-1,0.2857142857142857,0
10,10,10,10,10,10,-1,-1,-1,0.35,0
10,10,10,10,10,10,-1,-1,-1,0.358974358974359,0
10,10,10,10,10,10,-1,-1,-1,0.3684210526315789,0
-1,10,10,-1,10,10,-1,-1,-1,0.3783783783783784,0
-1,-1,-1,10,10,-1,10,10,-1,0.4,0
-1,-1,-1,9,10,1,3,10,10,0.41666666666666663,0
-1,-1,-1,10,10,9,10,9,9,0.45454545454545453,0
1,3,9,10,10,9,1,3,9,0.5,1
1,10,10,10,10,10,10,10,10,0.16666666666666666,0
1,10,10,10,10,10,10,10,10,0.16666666666666666,0
10,10,1,10,10,10,10,10,10,0.2,0
10,1,10,10,10,10,10,10,10,0.14285714285714285,0
10,10,10,10,10,10,10,10,1,0.16666666666666666,0
3,10,10,10,10,10,10,1,10,0.17142857142857143,0
2,10,10,10,10,10,10,10,10,0.2,0
9,10,3,3,10,10,1,10,10,0.2333333333333333,1
1,10,10,10,10,10,10,10,10,0.16666666666666666,0
1,10,10,10,10,10,10,10,10,0.14285714285714285,0
1,10,10,10,10,10,10,10,10,0.14285714285714285,0
1,10,10,10,10,10,10,10,10,0.14285714285714285,0
10,10,1,10,10,10,10,10,10,0.16666666666666666,0
10,1,10,10,10,1,10,10,10,0.16666666666666666,0
10,10,1,10,10,10,10,10,10,0.16666666666666666,0
10,1,10,10,10,10,10,10,10,0.14285714285714285,0
10,10,1,10,10,1,10,1,10,0.18888888888888888,0
10,10,10,10,10,10,1,10,10,0.2,0
9,10,1,9,10,10,9,10,1,0.2,0
10,10,-1,10,10,-1,-1,-1,-1,0.20629470672389127,0
4,10,10,10,10,10,-1,-1,-1,0.3333333333333333,1
10,10,-1,10,10,-1,-1,-1,-1,0.20371775417298937,0
3,10,-1,9,10,-1,9,9,-1,0.3333333333333333,0
3,9,10,10,10,10,10,10,10,0.3333333333333333,1
